"","baseMean","log2FoldChange","lfcSE","stat","pvalue","padj"
"SPGP_0CZ00130",6961.13302566837,-1.23193240902145,0.240596525861053,-5.12032501139645,3.05009527014686e-07,4.28479275082182e-06
"SPGP_0CZ00340",383.360256052976,-1.11692753501265,0.168842001112347,-6.61522327178208,3.70991374632722e-11,9.91608509010943e-10
"SPGP_0CZ00630",26.0945360602666,-2.42565341279896,0.946019294668643,-2.56406336157085,0.010345465666053,0.0380439384740689
"SPGP_0CZ00670",59.9727352823198,1.66471878401033,0.336466246226554,4.94765463900181,7.51130257921812e-07,9.64021425924864e-06
"SPGP_0CZ00730",350.67506938816,-1.61860535407856,0.132400568869882,-12.2250634411493,2.28403315950656e-34,3.23369132160765e-32
"SPGP_0CZ01040",2415.06281411708,2.16853779501169,0.222425250670644,9.74951264963505,1.8535594545353e-22,1.27235622860185e-20
"SPGP_0CZ01350",1114.36632126968,-1.00632046478403,0.157518083477518,-6.38860277225032,1.67408297443097e-10,3.90950150291728e-09
"SPGP_0CZ01520",68.004483606387,-1.02132039110721,0.321273994334528,-3.17897000416336,0.00147799385235925,0.00767016168168797
"SPGP_0CZ01730",78.5656187444084,-1.14903994904772,0.254092316125821,-4.52213575981866,6.12187729546266e-06,6.43507310605419e-05
"SPGP_0CZ01840",31.4983163216436,-1.02014983373788,0.399797182669786,-2.55166839077123,0.0107208503396666,0.0390754726177471
"SPGP_0CZ01860",1807.99185625245,1.88505884295823,0.20265944270081,9.30160873747779,1.38336496094557e-20,8.03504481482555e-19
"SPGP_0CZ02140",41.4955492290846,-1.27806014080733,0.518816100521037,-2.46341649675829,0.0137619947662252,0.0477767948569988
"SPGP_0CZ02270",457.883263102682,-1.38608381335252,0.473731994631246,-2.92588178349965,0.00343481431837974,0.0153013040997241
"SPGP_0CZ02560",3197.62393976035,1.74603929030479,0.17036999387255,10.2485141345427,1.20176691347279e-24,9.89928182088814e-23
"SPGP_0CZ02570",35.5247882396385,-1.06065905873402,0.38301650307771,-2.76922547778266,0.00561897341167768,0.0229380236784206
"SPGP_0CZ02870",33.69093786445,2.06736057485213,0.506770209472204,4.07948323759059,4.51359241550662e-05,0.000375897618353911
"SPGP_0CZ02890",2233.98202886351,-1.92879344698742,0.292917497226802,-6.58476692327458,4.55599533286637e-11,1.20005446834599e-09
"SPGP_0CZ03050",16252.1192827753,2.22313029483964,0.205187185602561,10.8346449039257,2.35878764652548e-27,2.20339947063581e-25
"SPGP_0DB00170",481.788179022391,-1.95473734547674,0.249334804157348,-7.83980941643094,4.51230758783353e-15,1.79560968417379e-13
"SPGP_0DB00280",135.398413645908,-2.05085420077316,0.657895213674949,-3.11729612580285,0.00182518137736804,0.00910681082617391
"SPGP_0DB00470",426.016569997805,1.00647864384739,0.259822911967161,3.87371012135604,0.000107190903678113,0.000800706329948375
"SPGP_0DB00600",11.985125476052,-1.51030182681445,0.587367527321708,-2.57130630578296,0.0101315672454983,0.0373494460444566
"SPGP_0DB00840",8.66207157583632,3.04926682133899,0.608203469932677,5.01356367084937,5.34310754733488e-07,7.07805518807037e-06
"SPGP_0DB00910",6228.52676813596,1.16009220126619,0.115048886986846,10.0834717453531,6.53745379787742e-24,5.19612884759363e-22
"SPGP_0DB01080",529.361391701589,3.84206031119039,0.26745960028214,14.3650117892102,8.57921103149817e-47,2.15933975434458e-44
"SPGP_0DB01420",346.49174975426,-1.19499001162085,0.120015940070348,-9.95692747913657,2.3521990698092e-23,1.7761063142951e-21
"SPGP_0DB01550",58.2959272117241,1.37996264927804,0.476436154827307,2.8964272238706,0.00377438175318991,0.0165531022826541
"SPGP_0DB01760",2.64601230637254,3.68238596344741,1.39527556410112,2.63918186356235,0.00831063846424259,0.0317063979471588
"SPGP_0DB01810",29.6777122859159,1.81070687394093,0.737582016607068,2.45492275187282,0.0140914865687772,0.048641127542739
"SPGP_0DB02000",211.63405542203,2.60174483647148,0.245421637083744,10.6011224902053,2.94424916107229e-26,2.59008171344428e-24
"SPGP_0DB02010",18.3354484874155,2.63058329724399,0.381513973779024,6.89511650435023,5.38206760813942e-12,1.59369001952128e-10
"SPGP_0DB02660",967.360575786293,-1.33091333088432,0.15255188875663,-8.72433204027755,2.67756381480967e-18,1.33304427065881e-16
"SPGP_0DB03130",18.1225022396222,1.66490743818449,0.413916204373375,4.02232969038984,5.76253196324408e-05,0.000467870090671637
"SPGP_0DB03230",160.380136654261,-1.13103766755972,0.16262574479626,-6.95485003912938,3.5293726273805e-12,1.06598817922316e-10
"SPGP_0DB03380",29.5298783161712,-1.14126952766493,0.422296968065917,-2.70252834845546,0.00688143160848867,0.0271300100690938
"SPGP_0DB03430",97.0006644244381,-1.0014153645081,0.222641063315504,-4.49789158206184,6.86306777117889e-06,7.14784564076459e-05
"SPGP_0DB03440",17.5812205485813,1.62768673805113,0.565446328891712,2.87858750668951,0.00399460440914891,0.017351443217305
"SPGP_0DC00280",43.01668593575,-1.60103451570641,0.368162979599718,-4.34871131651291,1.3693982938638e-05,0.000131860977053134
"SPGP_0DC00650",257.143591518191,1.09701225996971,0.194049727072765,5.65325330016232,1.57439023068298e-08,2.74337497696509e-07
"SPGP_0DC00820",217.915569056468,2.60043422965095,0.198531941010893,13.0983166557983,3.36641327539767e-39,6.35480639341215e-37
"SPGP_0DC01600",136.884190782906,1.45620501922454,0.49905228041267,2.91794081778444,0.00352351218175999,0.0156196398624889
"SPGP_0DC01720",520.15601258105,-1.11017299826089,0.214108121817482,-5.18510455762749,2.15893709911767e-07,3.11498870304223e-06
"SPGP_0DC01740",283.726828019409,-2.93505551073747,0.293842416897363,-9.98853583403062,1.71090127540459e-23,1.32499798773e-21
"SPGP_0DC01760",14.7927874380897,-1.11156138385246,0.434954652120004,-2.55557994019519,0.0106011007482443,0.0387637505568369
"SPGP_0DC01900",54.5954992322675,-1.04025737018371,0.271881369505995,-3.82614436610293,0.000130165971600446,0.000947336440700112
"SPGP_0DC02070",6.77192965658053,2.10813265609872,0.783309441349947,2.69131526420208,0.00711709029393336,0.0279289541590863
"SPGP_0DC02160",1024.85860535633,2.95615211764283,0.178268557762258,16.5825771787821,9.31470907578132e-62,4.4421357334555e-59
"SPGP_0DC02190",30.5694304219731,-1.51737996265012,0.513452805325996,-2.95524719489403,0.00312418621244325,0.014175388718552
"SPGP_0DC02600",3.9359515045021,-3.04911201527075,1.21669977023197,-2.50605127893582,0.0122087912265575,0.0433309272635477
"SPGP_0DC02930",35.7039351718974,1.97123881781125,0.379029285238745,5.200755969475,1.98479561679276e-07,2.88208863521783e-06
"SPGP_0DC03030",270.936011866193,2.18522025108608,0.264386564243953,8.26524697779175,1.3940582340192e-16,6.19194198943528e-15
"SPGP_0DC03130",1174.58339923204,1.16240482730073,0.12097814988297,9.60838654273686,7.36946704487676e-22,4.66956230025373e-20
"SPGP_0DC03420",6.60249382438153,-5.11402445430211,1.38403327770141,-3.69501552939208,0.000219873348365074,0.0014901065142378
"SPGP_0DC03430",507.150214373848,1.55866427330535,0.198818245556801,7.83964403739819,4.51825414404176e-15,1.79560968417379e-13
"SPGP_0DC03470",20.4619171750043,-1.20796818044039,0.458156849787122,-2.63658216831563,0.0083745915042776,0.0318832662269997
"SPGP_0DD00120",575.857425586547,4.33360669633363,0.294063547804602,14.7369734490628,3.73135999216045e-49,1.05655790278018e-46
"SPGP_0DD00150",180.302236379486,1.07830682511559,0.195265936608891,5.52224747358465,3.34690629463958e-08,5.63686206983816e-07
"SPGP_0DD00160",10217.2638620453,-2.75090667988464,0.375448556809523,-7.32698695997454,2.35384717692806e-13,8.23482983403287e-12
"SPGP_0DD00170",620.41397576337,-1.22650815119581,0.343503917116619,-3.57057981024249,0.000356191901373426,0.00226806382174604
"SPGP_0DD00180",280.664117594531,-1.74343678895429,0.524161895642705,-3.32614179597425,0.000880571202781454,0.00496408861052549
"SPGP_0DD00650",58.1440101945001,-1.16038455577451,0.357252519123639,-3.24807942186383,0.00116186834558956,0.00628894210238174
"SPGP_0DD00760",25.3975561474739,-1.89419776311028,0.46607958857401,-4.06410795397768,4.82165074193085e-05,0.000398981608270135
"SPGP_0DD00850",623.944709632476,2.3137777142147,0.145081479343183,15.9481260095341,2.93574784419762e-57,1.10836713401144e-54
"SPGP_0DD00860",14.8799981793048,1.9214113009526,0.744689851615014,2.58014970498876,0.00987574925023678,0.0365689268313835
"SPGP_0DD00870",127.593213042036,-1.43148025807133,0.232389019101859,-6.15984465876977,7.28163367423537e-10,1.5488000639025e-08
"SPGP_0DD00960",115.973932925309,-2.74966280274143,0.424271981898872,-6.4808965004831,9.11792051866672e-11,2.23895603847261e-09
"SPGP_0DD01200",370.654053244373,1.23602950559723,0.225742996009045,5.4753836329332,4.36564773124863e-08,7.16614748058765e-07
"SPGP_0DD01210",7.47606852536719,-1.87179332164965,0.70243408528561,-2.66472450705261,0.00770514158096198,0.0297978181242409
"SPGP_0DD01270",21.8392574822022,1.20905268944795,0.437324813755726,2.76465604378736,0.00569828454193221,0.0231950387396441
"SPGP_0DD01350",5.6203516267299,-2.29399897269266,0.925434398306576,-2.47883477952665,0.0131812347934863,0.0460783828949767
"SPGP_0DD01730",85.8137935860062,1.35883020938572,0.240589090548967,5.64792944802772,1.62391790576295e-08,2.82424570904377e-07
"SPGP_0DD01960",129.503789968872,1.33929162602276,0.203293623694578,6.58796671377589,4.45890574336835e-11,1.17790510031081e-09
"SPGP_0DD01980",37.7273484422284,-2.28646681045054,0.476505017074429,-4.79841077957298,1.59929519859371e-06,1.91936606549107e-05
"SPGP_0DD02000",140.306681874471,1.23006286315486,0.252070209063055,4.8798422777805,1.06170713453692e-06,1.31422518388511e-05
"SPGP_0DD02050",40.6416614085337,-2.4048479256374,0.476217020099,-5.04989915131018,4.42043369193776e-07,5.96274671568618e-06
"SPGP_0DE00130",1915.99753415752,3.09857580055597,0.174035833400541,17.8042403108137,6.55151889925981e-71,4.94694272884943e-68
"SPGP_0DE00260",482.909216884722,2.95211148291444,0.227388590441609,12.9826719853498,1.53432916586325e-38,2.72599148468372e-36
"SPGP_0DE00270",1458.14535645308,1.59942607972584,0.122468336775799,13.0599150917995,5.57899753658377e-39,1.03165911589766e-36
"SPGP_0DE00310",641.784222077653,-1.00381894634204,0.152809394510375,-6.56909183861651,5.06230561352207e-11,1.32188908253958e-09
"SPGP_0DE00570",336.834755989958,-1.00360723813403,0.159973750540249,-6.27357447546698,3.52852027374492e-10,7.973047930275e-09
"SPGP_0DH00100",245.185399999756,1.91471766158564,0.173016570397252,11.066672152785,1.82035592194387e-28,1.77357473212187e-26
"SPGP_0DM00100",425.24945221742,1.62971350968167,0.142247781868166,11.4568641301702,2.17238576802865e-30,2.34333183858424e-28
"SPGP_0DN00100",375.090289736134,-1.11368457107349,0.251851380401737,-4.42199113340977,9.77954707783087e-06,9.87059053214782e-05
"SPGP_0DN00140",878.758270843672,-1.01444351695261,0.136828801653505,-7.41396186105256,1.22581184886939e-13,4.39595676853996e-12
"SPGP_0DN00290",224.739912662255,-1.01818715942311,0.211365470696667,-4.81718776518766,1.45595668087772e-06,1.76369297933597e-05
"SPGP_0DN00320",67.7789274640969,-1.90972719833743,0.27049171536871,-7.06020587630294,1.66256096481366e-12,5.26729542034146e-11
"SPGP_0DN00610",160.09174393883,-1.36795135039569,0.171710548041168,-7.96661222039618,1.63083392924079e-15,6.65630010488775e-14
"SPGP_0DN00710",753.616178765254,1.02570979667453,0.101950514152424,10.0608594787566,8.22768805615532e-24,6.48270273711508e-22
"SPGP_0DN00880",801.540118618634,1.92251754914149,0.204568260970107,9.3979268339306,5.56487023779552e-21,3.33929067713015e-19
"SPGP_0DN01360",106.748257350488,-1.78752573276062,0.226774385615682,-7.88239698195003,3.21159771078743e-15,1.28762331227632e-13
"SPGP_0DN01500",1380.50371140047,2.93518067122173,0.208799742191507,14.0573960504685,6.93928900613326e-45,1.61222814575829e-42
"SPGP_0DN01650",2319.60364545777,-1.06612112058113,0.151202987529264,-7.05092629452699,1.77730626207265e-12,5.5917264030001e-11
"SPGP_0DN01670",1304.26538091355,-1.12702211536356,0.207398375995192,-5.43409325148085,5.50757744481301e-08,8.80143901718706e-07
"SPGP_0DN01700",45.8723348911048,-1.44746906184027,0.40089715307186,-3.61057455945769,0.000305519457040165,0.0019787789851615
"SPGP_0DN01730",31.580535382418,1.06008900172835,0.394555981046535,2.6867898413719,0.00721423274252223,0.0282245953713273
"SPGP_0DN01890",11.3539833277102,-1.75858248579664,0.575059921844837,-3.05808563419785,0.0022275591007181,0.0107133296239951
"SPGP_0DN01990",3055.25143133494,1.03540114602905,0.187446725469331,5.52370890148441,3.31917221529781e-08,5.60056227985354e-07
"SPGP_0DN02350",1527.27420375947,-2.19128237156397,0.169443079286419,-12.9322624493853,2.95979064856103e-38,5.1574352051176e-36
"SPGP_0DN02360",45.486028005437,-1.32723073905616,0.296047863625471,-4.4831626980941,7.35448125303488e-06,7.58122350782128e-05
"SPGP_0DN02490",25.1910556777847,1.02339102975922,0.368499711616081,2.77718271547911,0.00548323453529365,0.022491438716295
"SPGP_0DN02720",394.70588028488,1.1888819367739,0.134277403227787,8.85392410186167,8.44948549737547e-19,4.42547908044619e-17
"SPGP_0DN02930",146.937509079714,-1.05245034877269,0.195463587195265,-5.38438060957772,7.26945358452108e-08,1.13978725381353e-06
"SPGP_0DN03070",37.1225418529393,-1.21774420188929,0.379986768004272,-3.20470159601872,0.00135202571663775,0.00711423055659389
"SPGP_0DN03120",3967.53761698305,-1.30448384262675,0.167279468716264,-7.79823042622996,6.27812953788822e-15,2.48411055645437e-13
"SPGP_0DN03280",167.588093539506,1.58816660371032,0.297572496921787,5.33707456212847,9.44582031796702e-08,1.45311677251442e-06
"SPGP_0DN03510",9.9151570738224,-1.68801801897874,0.549753981705441,-3.07049712262599,0.00213702745372938,0.0103882005140783
"SPGP_0DN03840",4344.29218796306,-2.00716738059518,0.157717975775121,-12.7263070092724,4.22347771642504e-37,6.71384764711005e-35
"SPGP_0DN04230",904.506028694061,-1.29242402961856,0.159369210523632,-8.10962183581193,5.07775435557604e-16,2.13997824259881e-14
"SPGP_0K00140",807.183200318283,-1.03395547237143,0.17028140938732,-6.07203966711134,1.2629572419002e-09,2.59493323556864e-08
"SPGP_0K00160",132.637669990816,3.44432323710374,0.323961883834377,10.6318780355797,2.11803734581037e-26,1.88152317552821e-24
"SPGP_0K00170",94.7499993108493,3.42569154422782,0.354937162761319,9.65154371995545,4.84212434398585e-22,3.13389204863256e-20
"SPGP_0K00180",35909.3500093256,1.79069310356546,0.164300487147907,10.8988910176111,1.16670568963406e-27,1.10120002643481e-25
"SPGP_0K00200",580.352605225467,1.24148120963408,0.274009233331215,4.53080063960256,5.87605693181857e-06,6.1910409138614e-05
"SPGP_0K00430",4.86938707528702,-5.1698157514067,1.30142386828969,-3.97243041054779,7.11430234215457e-05,0.000559086674087273
"SPGP_0K01110",3428.78666925026,1.77138342586016,0.210445801725834,8.41729039654541,3.85291779484693e-17,1.77214660604609e-15
"SPGP_0K01300",26.0526895181341,2.08939001562637,0.518307095863094,4.03118157614084,5.54971470909086e-05,0.000453026711523174
"SPGP_0K01560",3.99568651293454,-3.48892833750389,1.37146762783589,-2.54393779823244,0.0109610601641293,0.0397590737178444
"SPGP_0K01570",558.84691978204,1.47987714142416,0.17949737148625,8.24456162878978,1.65766804805784e-16,7.32689277241567e-15
"SPGP_0K01700",29.4402772991971,1.23617589377538,0.403927867406108,3.06038774129078,0.00221050610232252,0.0106652799750502
"SPGP_0K01760",62.3597669632377,1.05907494065892,0.259982483181731,4.07363960716773,4.62840855601246e-05,0.000384399724344903
"SPGP_0K01830",10.2092735203698,-1.73619431575733,0.692731008346411,-2.5063037381591,0.012200076663395,0.0433309272635477
"SPGP_0K02120",18.6505627372774,1.63374731978458,0.560604934891132,2.91425782775503,0.00356535312934821,0.015766551832613
"SPGP_0K02670",20.480319440162,-1.13600548742618,0.445833566426679,-2.54804835923678,0.0108327453250718,0.039388244538714
"SPGP_0K02810",1059.04665238234,2.74965621182964,0.24440093561803,11.2505960947999,2.30032143822381e-29,2.39577155767195e-27
"SPGP_0K02820",8.81759079410558,4.0556419074604,1.36108815974141,2.97970552343276,0.00288525605031047,0.0132505347551258
"SPGP_0DQ00100",1668.46157993039,-2.75664692503566,0.257615721136158,-10.7006160682977,1.01103765724309e-26,9.07030912106896e-25
"SPGP_0DQ00110",1910.04179571517,-1.12078788465823,0.17415318448452,-6.43564393023117,1.22950957607715e-10,2.96292188000933e-09
"SPGP_0DQ00130",2606.96991792548,-1.8662386266259,0.219900440774294,-8.48674345560503,2.12508193022918e-17,9.87454736913159e-16
"SPGP_0DS00100",1270.32559777256,1.13460692402813,0.173189248442303,6.55125496665064,5.70555473251419e-11,1.46453346830910e-09
"SPGP_0DU00200",620.192088034983,-1.47279498281251,0.242746491600649,-6.06721429051779,1.30147857548007e-09,2.66803107973415e-08
"SPGP_0DU00290",236.957766325706,-2.81602472411912,0.260570877663558,-10.8071352768558,3.18460105135805e-27,2.94445613534237e-25
"SPGP_0DU00310",3931.69954883417,-1.78753350407461,0.430720227940607,-4.15010345026355,3.32325043411539e-05,0.000286780687462091
"SPGP_0DU00410",1769.51706375269,-1.17993392800035,0.253107810485681,-4.66178394786086,3.13480183396063e-06,3.48520729049292e-05
"SPGP_0DU00420",14718.0920412703,-1.14417040316604,0.199709894493302,-5.72916232352429,1.00927782137837e-08,1.81449728958521e-07
"SPGP_0DU00520",1176.70824054721,-1.27795428347871,0.209751151192422,-6.09271642235872,1.11010611940922e-09,2.29650035341712e-08
"SPGP_0DU00680",1445.65032121191,-1.39633318956813,0.162784464159818,-8.57780376508927,9.6701740655046e-18,4.6360554078062e-16
"SPGP_0DU00760",69.8609368973939,2.66074550597656,0.350989747533446,7.58069295378211,3.43714165386683e-14,1.29227968986255e-12
"SPGP_0DU00930",3706.50909218615,-1.52312140886544,0.131667241959574,-11.5679601562027,5.9889618790204e-31,6.69950414639553e-29
"SPGP_0DU00950",146.782823028929,-1.45183227759429,0.165172757982194,-8.78978044158349,1.49852532678149e-18,7.7148511283904e-17
"SPGP_0DU01010",347.744220215711,-1.02510352813837,0.271086802697449,-3.78145862483191,0.000155912137940434,0.0011045503376687
"SPGP_0DU01060",15.8073241966764,-2.03530029363177,0.508749082893782,-4.00059746949304,6.31827556627088e-05,0.000504404360405114
"SPGP_0DU01080",127.793220343733,-1.33911528152879,0.208659709648399,-6.41769934303687,1.38349140502313e-10,3.25605600543236e-09
"SPGP_0DU01290",436.020247205575,-1.52539041164594,0.137533601452269,-11.0910380847937,1.38669130316704e-28,1.38074834043918e-26
"SPGP_0DU01450",42.4162727096684,-1.11901627393121,0.309403187980686,-3.61669277305915,0.000298391114423853,0.00193815189089213
"SPGP_0DU01460",63.1901239893324,-1.05763458279917,0.293958578314675,-3.5979034490601,0.000320792652635139,0.00206441919426633
"SPGP_0DU01740",14.7311138763219,-1.40212404212526,0.569231366435651,-2.46318830057613,0.0137707572991672,0.0477889053572401
"SPGP_0DV00100",648.6698286083,-1.83213578986033,0.260199929556062,-7.04126166746553,1.90506855053078e-12,5.97295022019356e-11
"SPGP_0DV00120",140.555843503661,-1.10909509505028,0.184984454092791,-5.99561244478381,2.02719964541952e-09,4.01057990985727e-08
"SPGP_0DV00210",659.06885594729,-2.99471419457661,0.416617834322767,-7.18815650185661,6.56719623030046e-13,2.16383145610009e-11
"SPGP_0DV00560",8.67936408923933,3.12803735658191,0.836094108544983,3.74125032650391,0.000183107026135095,0.00126942063030612
"SPGP_0DV00570",2983.09924651279,2.80339557814516,0.139257772271847,20.1309810749566,3.95094577846533e-90,5.96658661644573e-87
"SPGP_0DV00660",100.774313912299,2.18576153235598,0.249640256111983,8.75564528893727,2.02939020003184e-18,1.0272795867312e-16
"SPGP_0DW00100",291.038351834037,-1.55375494056061,0.212789716754121,-7.30183283413068,2.83873831261635e-13,9.78015507628012e-12
"SPGP_0DW00110",2050.30560378237,1.32744715359654,0.135076782016929,9.82735251592071,8.58458629262307e-23,6.12479814153209e-21
"SPGP_0DX00100",287.530120482305,-1.09843170506784,0.143882564800409,-7.63422383102191,2.27184917565938e-14,8.61306501282413e-13
"SPGP_0DX00200",503.098706250095,-3.51501876292215,0.250751864879239,-14.0179167345973,1.21118090829141e-44,2.74362755250711e-42
"SPGP_0L00140",3712.51055965556,2.53685471294205,0.203663485701781,12.456109666397,1.29537103008145e-35,1.86307252437588e-33
"SPGP_0L00390",321.181766713237,-1.01435173244913,0.260631910004641,-3.89189386837194,9.94647562096832e-05,0.000750416449638584
"SPGP_0L00750",188.060075843755,-1.75304992846194,0.286647824642847,-6.11569242029373,9.6138598866425e-10,2.01646260261268e-08
"SPGP_0L01010",8039.60992311246,1.44200039697222,0.23580840447581,6.11513571866836,9.64748218749163e-10,2.01884148038941e-08
"SPGP_0L01020",45.5932625525211,-1.34788271916576,0.324000942310572,-4.16011975012634,3.18080775740964e-05,0.000277127875864315
"SPGP_0L01300",54.5058510853616,-1.44508184333355,0.408759338540727,-3.53528765481542,0.000407331478162266,0.00254364612241784
"SPGP_0L01420",642.284273559283,-1.52044061801901,0.171871767535194,-8.84636633359617,9.04151128632437e-19,4.69413654178301e-17
"SPGP_0L01510",254.568492800889,-1.42990694665522,0.333930749074849,-4.28204635427183,1.85182391882213e-05,0.000172272859634983
"SPGP_0L01570",8.35453167739832,-4.39766302041769,1.26077539080146,-3.48806222940482,0.000486534827421918,0.00297268514583277
"SPGP_0L01600",4649.73357113455,-3.6801304763951,0.202726321588414,-18.1531951428917,1.21144642564986e-73,9.97901460255764e-71
"SPGP_0L01620",23.1575501709934,1.03694964629771,0.415923589468018,2.49312535416424,0.0126624133620599,0.0446610071909789
"SPGP_0L01640",481.014021528608,1.03155178213362,0.218756014121541,4.71553564493311,2.41075682270991e-06,2.75111682249049e-05
"SPGP_0DZ00100",2599.45440192257,-2.78268491026637,0.239002533980513,-11.6429096542268,2.49360868152089e-31,2.86007446370389e-29
"SPGP_0DZ00310",1627.94873252652,-1.45734682959725,0.204669625075053,-7.12048419037674,1.07548569683673e-12,3.46796295339416e-11
"SPGP_0DZ00490",55.7554555020018,-1.47162832000872,0.303573198457657,-4.84768855579319,1.2490829178362e-06,1.52532888389675e-05
"SPGP_0DZ00520",247.452964782743,-1.00335778312367,0.199949261395456,-5.01806196292591,5.21953439027675e-07,6.9244803968225e-06
"SPGP_0DZ00580",997.040148056777,-1.0505395383717,0.247955657614158,-4.23680406601746,2.26723817671481e-05,0.000206052609019187
"SPGP_0DZ00880",133.333923543921,-1.1756857836858,0.309931262592394,-3.79337590487604,0.000148612917350469,0.00105780176285357
"SPGP_0DZ00910",115.577082074289,1.12785833766969,0.2956516709696,3.81482145516321,0.000136281431103687,0.000984725715494826
"SPGP_0DZ00940",405.645496443591,1.10789422497153,0.148882775463484,7.44138616117657,9.96342230246001e-14,3.64026489849154e-12
"SPGP_0DZ01030",617.664142706341,-1.69288102623301,0.199108279125951,-8.50231358366637,1.85848958015938e-17,8.77071566970007e-16
"SPGP_0DZ01420",4.38211974923317,3.48258601813313,1.40136595740043,2.48513673372902,0.012950168282953,0.0454283681036921
"SPGP_0DZ01430",55.8318137091322,-2.52171745284874,0.432699455017395,-5.82787295802663,5.61382872935532e-09,1.04664407647507e-07
"SPGP_0DZ01540",34.9623864426077,-1.12104332735086,0.350753479026829,-3.19610037927839,0.00139298640762719,0.00729553506465952
"SPGP_0DZ01670",387.667706069437,1.51169074937049,0.274744146418409,5.50217636691093,3.75131407959684e-08,6.28293103054103e-07
"SPGP_0DZ01710",5036.55566096378,-1.34262976125153,0.486377973683126,-2.76046579799737,0.00577190012652716,0.0234525502450505
"SPGP_0DZ01830",10.0642939490015,-1.80476366948102,0.659366435556826,-2.73711789402342,0.00619800765655522,0.0248716330274787
"SPGP_0DZ02280",30139.9339127279,-2.48414922452846,0.4630014377251,-5.36531643775021,8.08074239730702e-08,1.25591092387648e-06
"SPGP_0DZ02290",1035.79914765613,2.16096203075699,0.179980383024211,12.0066531387829,3.27846595235638e-33,4.30524347743495e-31
"SPGP_0DZ02300",886.284261328652,1.65382174232573,0.111782599144739,14.7949837897786,1.57822359847602e-49,4.61299484702943e-47
"SPGP_0DZ02340",826.757911820611,1.80730271012679,0.15202985345622,11.8878145906208,1.3694302066907e-32,1.65445428037659e-30
"SPGP_0EA00120",20.2239773292536,-1.03816141626619,0.401350604404552,-2.58666962220331,0.00969084596424897,0.0360503315227657
"SPGP_0EE00230",32.9002919376535,-1.34570494606169,0.343499783869714,-3.91762967330453,8.94239437831037e-05,0.000682620349299665
"SPGP_0EG00120",1038.37904618927,-1.52735709963124,0.155227324345217,-9.83948609611078,7.60985488744222e-23,5.51623161080911e-21
"SPGP_0EH00100",333.278955804456,-2.14594278701952,0.220916883956763,-9.71380162794397,2.63328237963228e-22,1.76742012161838e-20
"SPGP_0M00140",761.359139750433,1.42345427285286,0.15569391116053,9.14264573510002,6.09427652727207e-20,3.3877447615713e-18
"SPGP_0M00330",388.721664032227,-1.12690212722012,0.169751664061022,-6.63853360998584,3.16819112039454e-11,8.51839161480561e-10
"SPGP_0M00370",10.1237716821833,-2.46975826596147,0.604926282214593,-4.08274253999985,4.45073222739588e-05,0.000371003539212825
"SPGP_0M00380",25.8536780013838,-1.05288161445735,0.313393004979841,-3.35962066072624,0.000780495601123357,0.00447882877883391
"SPGP_0M00720",205.427433832766,1.09680413888263,0.198526922448196,5.52471234307699,3.30025873683939e-08,5.57903813703391e-07
"SPGP_0M00800",14.4569409120502,-1.39344930546661,0.457564940019799,-3.04535855698715,0.00232403063119883,0.0111055249439435
"SPGP_0M00820",1037.13601376872,-1.48618751032252,0.158619942275309,-9.36948714647129,7.28858108270637e-21,4.31645968564721e-19
"SPGP_0M00890",4.34603834027132,-3.46732728885787,1.37635286432962,-2.51921391579093,0.0117617176095146,0.0421570107831535
"SPGP_0M01120",510.57400644532,3.27039028760017,0.23932519931544,13.6650477966997,1.64195932559006e-42,3.54233177361226e-40
"SPGP_0M01170",28.1577136557307,-1.09324361710532,0.39035533488358,-2.80063705913323,0.00510018442957755,0.021198518860735
"SPGP_0M01620",41.4569681736199,-1.32267689065115,0.413818319026964,-3.19627437896234,0.00139214656834773,0.00729553506465952
"SPGP_0M01860",653.868725998184,-1.11704273079747,0.19011986185019,-5.87546571897719,4.21656221327557e-09,8.00970025461005e-08
"SPGP_0M01870",290.491792104083,-1.42341963743576,0.176603547926404,-8.05997192099981,7.63119757421871e-16,3.18646457235003e-14
"SPGP_0M02010",2665.29772580561,-1.08594926185519,0.165359139135498,-6.56721646915046,5.12644970869558e-11,1.33096735846678e-09
"SPGP_0M02030",15.1242772446016,1.49464432210911,0.586895080610895,2.54669764918347,0.0108747608903675,0.0394934703116713
"SPGP_0M02520",381.097049251067,1.24814608917059,0.193759192753865,6.44173869343132,1.18112509130781e-10,2.85391318729069e-09
"SPGP_0M02540",180.055791894513,1.17985717731641,0.216805616392136,5.4420046719749,5.26842935142153e-08,8.47908318885088e-07
"SPGP_0M02790",2947.93600106615,-1.44470935956709,0.237288045357768,-6.08842033061063,1.14030172432183e-09,2.35359314899319e-08
"SPGP_0M03130",15.0503155111568,-1.77078704860051,0.57874384276905,-3.05970779771587,0.00221553033353304,0.0106838320128488
"SPGP_0M03360",485.04557258388,-1.0344800958722,0.158627034969572,-6.52146146506887,6.96256106646546e-11,1.73795498135657e-09
"SPGP_0M03540",107.742972147849,-1.17993268379781,0.219362045498494,-5.3789281601402,7.49305990661816e-08,1.17059682437702e-06
"SPGP_0M03570",10.9272438873524,-2.21016862610513,0.769326681158786,-2.87286100980679,0.00406773032531535,0.0176015780695713
"SPGP_0M03610",2351.66875770542,3.51542124097481,0.125717173942448,27.9629356175643,4.58965900544622e-172,4.15869002483482e-168
"SPGP_0M03620",1986.12451409433,3.56868951311694,0.164949016871918,21.6351062940133,8.39556634585112e-104,1.90180566649393e-100
"SPGP_0M03720",17.7504283172569,1.25349553032815,0.452348499836941,2.77108364630368,0.00558700724429618,0.022855021508157
"SPGP_0EL00110",25.6958435335396,-1.81698307652329,0.477157572843904,-3.80793092247053,0.000140134403323099,0.00100854474067561
"SPGP_0EO00100",24.9486141882448,-1.80321659348752,0.730292617418019,-2.46916996075199,0.0135426879144958,0.0471302018464491
"SPGP_0EQ00100",119.687410869168,-1.66185649979491,0.553375097883188,-3.00312844967539,0.00267219619870981,0.0124168050033383
"SPGP_0N00410",655.449135941844,-1.17374523951268,0.348933670577748,-3.36380618576947,0.000768755093761826,0.00441813166133174
"SPGP_0N00420",1513.53552210607,-1.52033246975214,0.25739950239355,-5.90650896996542,3.49433278725496e-09,6.73662752879089e-08
"SPGP_0N00520",21.1719910729425,-2.12791988584206,0.519169503332741,-4.09869969669281,4.15477680992372e-05,0.000350199373718314
"SPGP_0N00530",26.5679446789418,-1.40701584292461,0.409778263219421,-3.4336029243484,0.000595616026122757,0.00354824248040651
"SPGP_0N00570",61.8325487590189,1.38845822407385,0.329741197659058,4.21075144365029,2.54522660170638e-05,0.00022766335871729
"SPGP_0N00600",1898.22426071758,2.13326305283613,0.29328381658692,7.27371553487642,3.49732064409391e-13,1.19132414872688e-11
"SPGP_0N00610",9165.84775482606,1.82329177938162,0.236905300591781,7.69628950820055,1.40074246907924e-14,5.42398611637907e-13
"SPGP_0N00880",30540.8188522241,-4.02569312609142,0.383218584435815,-10.5049527595802,8.19638254364314e-26,7.14109829114909e-24
"SPGP_0N01050",13.5814307395822,-1.92280745518864,0.634688979937336,-3.02952708486995,0.00244936940345239,0.0115532202835409
"SPGP_0N01100",1687.70005413812,1.12790777186386,0.293899268479989,3.83773589399274,0.000124173928556687,0.000908836806665706
"SPGP_0N01160",42.8964713479198,-1.76983000649038,0.34071629465955,-5.19443899288358,2.05338093355451e-07,2.97351979108905e-06
"SPGP_0N01260",1376.4679172079,1.88080833652292,0.252142969734513,7.45929318792141,8.69878497821532e-14,3.21713023214731e-12
"SPGP_0N01320",6.70684208736289,2.58089881077633,0.738986133173921,3.49248611701475,0.000478546471258584,0.00293575462158025
"SPGP_0N01850",31.6660095223592,-1.11769282886615,0.429804767133411,-2.60046633805534,0.00930971521402819,0.0348981059109897
"SPGP_0N01890",125.914677352335,1.6035969049497,0.166411137692106,9.63635563814646,5.61459434145726e-22,3.60807371120172e-20
"SPGP_0N02010",1574.85178597852,-1.21308839310918,0.249261166255527,-4.86673640877374,1.13456187797017e-06,1.3986755341888e-05
"SPGP_0N02250",154.264101355639,-2.01643955952399,0.762196271599241,-2.64556471168914,0.00815546863367501,0.0312327562509422
"SPGP_0ET00190",412.13620823834,-1.45314454635641,0.195742166088633,-7.42376860026378,1.13833968983253e-13,4.125798371829e-12
"SPGP_0EX00210",1547.21466807506,-1.04592142987708,0.157476302909269,-6.64177028895388,3.09937745720472e-11,8.35817236301548e-10
"SPGP_0FB00110",5734.70109848537,1.48868545671729,0.118746684603134,12.5366485952232,4.70474834194481e-36,6.98847946333802e-34
"SPGP_0FF00100",817.028242359736,-1.24640199957552,0.146825195410061,-8.48901985857741,2.08387116109559e-17,9.73296731478718e-16
"SPGP_0P00290",493.260163031174,-1.41156699192935,0.19327501261675,-7.30341171793573,2.80560986415855e-13,9.70291258745827e-12
"SPGP_0P00330",874.30845484797,1.32962937742106,0.203096607056041,6.54678281776599,5.8789761169287e-11,1.50478538405342e-09
"SPGP_0P00480",3437.78097108662,-1.73668099078632,0.115749333121499,-15.0038099050072,6.93231970970637e-51,2.32643514406109e-48
"SPGP_0P00800",90.0484935647508,-1.00331584023166,0.264825367325737,-3.78859416060992,0.000151502171229561,0.00107667543020475
"SPGP_0P00820",4554.10625147522,-2.15468821190636,0.327312798615058,-6.58296351692748,4.61162335570574e-11,1.21118606452318e-09
"SPGP_0P00830",266.510449596052,-1.46678987172207,0.155471381337018,-9.43446864051775,3.92980977194349e-21,2.373867089572e-19
"SPGP_0P00840",306.465530736438,-1.05672174874927,0.146908401639201,-7.19306545410875,6.33525519589367e-13,2.102701367399e-11
"SPGP_0P01110",130.747980530892,1.03835346324847,0.2312583308441,4.49001538434721,7.12180296738825e-06,7.38337033037814e-05
"SPGP_0P01220",12.8794603930249,1.68300641160746,0.659005561263063,2.55385767668148,0.010653679387333,0.0388663251281677
"SPGP_0P01300",1046.24842991929,1.04404184442379,0.172262422735746,6.0607637338607,1.35476712957102e-09,2.75854942944787e-08
"SPGP_0P01390",3138.99218765749,1.05909024039595,0.170525409249077,6.21074738984498,5.27331859778374e-10,1.14584028332179e-08
"SPGP_0P01550",70.8713905037332,-1.37185931262778,0.293628185591281,-4.67209682158156,2.98140350371068e-06,3.33512310458302e-05
"SPGP_0P01630",23.4966825941295,1.62654550627414,0.423694865753964,3.83895495967293,0.000123559091688728,0.000906533546389933
"SPGP_0P02000",295.376217658156,-1.602155031295,0.201639412842837,-7.94564420073844,1.93184179205168e-15,7.84951501245751e-14
"SPGP_0P02130",75.7411370221309,-1.14218153783425,0.273933267287226,-4.16956125535729,3.05186584167903e-05,0.000267178322622741
"SPGP_0P02220",25.2997832139204,-1.0568933777937,0.37160368573429,-2.84414126761222,0.00445312993466238,0.0189881460414004
"SPGP_0P02320",2541.30202820897,1.65645250604854,0.145012216490686,11.4228479926375,3.21521874424742e-30,3.42742318136775e-28
"SPGP_0P02530",738.703010457034,-1.1964031125547,0.182846162163129,-6.54322244667792,6.02071716919823e-11,1.53672445831282e-09
"SPGP_0FU00100",81.9298546735096,-1.77681643570462,0.274569445409189,-6.47128245845652,9.71745866410998e-11,2.37331247858492e-09
"SPGP_0Q00120",232.712485602482,-1.12591385995079,0.22324369742725,-5.04342954773763,4.57261175121784e-07,6.1472455605022e-06
"SPGP_0Q00480",31.1177273176916,-1.39551116730395,0.503785623939651,-2.77004960242995,0.00560477564645119,0.0229173610706201
"SPGP_0Q00620",4272.51853495134,1.54537454149898,0.119665890172085,12.9140771800273,3.74911824737291e-38,6.29088156286036e-36
"SPGP_0Q00630",1058.48181409665,1.1141713880282,0.112231552705836,9.92743449739569,3.16288468616182e-23,2.36850397862085e-21
"SPGP_0Q00770",309.225215711402,-1.77842059786026,0.215866049562518,-8.23853774812887,1.74328063914219e-16,7.66789605401328e-15
"SPGP_0Q00930",3215.53794811181,1.25461999148212,0.0931408413079764,13.4701380604201,2.34427260243452e-41,4.72032312236872e-39
"SPGP_0Q00940",1300.27850995459,2.06745160278302,0.186524934136943,11.0840494990612,1.49934335877271e-28,1.47669023628691e-26
"SPGP_0Q00950",41.4944114776918,-1.58570491619414,0.446980596739293,-3.54759228423292,0.000388769528390757,0.0024398758651208
"SPGP_0Q01350",15704.4206154483,-2.15916261957413,0.185707055791465,-11.62671289129,3.01484813663466e-31,3.41469237075583e-29
"SPGP_0Q01430",189.520299798235,-1.1477596810383,0.143650963784212,-7.98991980842139,1.35026556135072e-15,5.58664669013648e-14
"SPGP_0Q01510",9328.9613786456,-1.10484719027007,0.303719426274304,-3.63772315726761,0.000275058844350879,0.00180519200554293
"SPGP_0Q01610",47.9937042341754,-1.37519456063877,0.41334798622367,-3.32696567171524,0.000877971885624132,0.00495348895120813
"SPGP_0Q01640",107.592210961408,-1.28649592240557,0.28073919652001,-4.58253047081679,4.59382743010985e-06,4.91436485764172e-05
"SPGP_0Q01660",600.848223974049,1.07947295310675,0.163357450425117,6.60804236536233,3.89435256360888e-11,1.0348014246e-09
"SPGP_0Q01720",31.6129214458539,-1.2454072715313,0.43422192008571,-2.86813542551117,0.00412898755435614,0.0178325816158346
"SPGP_0Q01810",11.8338676801056,1.41441774996555,0.575684144313615,2.45693365700031,0.0140128561969882,0.0484065916892528
"SPGP_0Q02040",146.019034260986,1.2442166581494,0.416952348741691,2.98407398808111,0.00284437982720157,0.0130827033574992
"SPGP_0Q02140",120.133039997551,-1.12378807988217,0.305807216744813,-3.67482524397041,0.000238012270175133,0.0015904682140306
"SPGP_0Q02160",961.636405408596,-1.18818252066725,0.103357336344319,-11.4958701790554,1.38379426653134e-30,1.51066986133018e-28
"SPGP_0Q02300",147.574353526055,-1.02101287527484,0.244792616682388,-4.1709300268626,3.0335900986256e-05,0.000266092544856211
"SPGP_0Q02380",7088.63011503954,1.08348704180748,0.125159465252588,8.65685259697193,4.84969194688527e-18,2.37530047193121e-16
"SPGP_0Q02520",18.3623453099574,1.99637920595752,0.659308700493145,3.0279885650899,0.00246187402779961,0.0115940959282184
"SPGP_0Q02900",14659.6644615632,2.28438392732156,0.160331098728493,14.2479153790991,4.61863496778851e-46,1.10130135376662e-43
"SPGP_0Q03100",269.585782896406,1.4383471021474,0.202971627599741,7.08644414570006,1.37601714675575e-12,4.40568599531939e-11
"SPGP_0Q03110",252.652322477676,1.40455708673175,0.227287476166824,6.17965015239483,6.42438064229975e-10,1.37941499999711e-08
"SPGP_0Q03130",44.0465995602563,-1.11459838382092,0.309284019191201,-3.60380205461527,0.000313595921023585,0.00202818889392913
"SPGP_0Q03400",705.909445574502,-1.38052226219065,0.147971086564345,-9.32967577818202,1.0619525545802e-20,6.24828058250078e-19
"SPGP_0Q03510",59.4016669494746,-1.14412863592796,0.379870910138066,-3.01188800035287,0.00259628369605267,0.0121262508092439
"SPGP_0Q04170",52.1236933062877,1.8196307153779,0.359427116914973,5.06258607028907,4.13607232902321e-07,5.62716987586776e-06
"SPGP_0Q04250",535.379616890308,-1.04778518048228,0.199250565101214,-5.25863091003043,1.45131851009222e-07,2.13827593820253e-06
"SPGP_0Q04260",440.691660823679,-1.23058730318885,0.245653366872884,-5.00944611040332,5.4586908566545e-07,7.20390839834776e-06
"SPGP_0Q04270",19.8938479052579,-1.48478499516431,0.523888481687943,-2.83416232092067,0.00459459875043636,0.0194813567045877
"SPGP_0Q04520",986.596505861841,1.09788125345984,0.154383727832882,7.11137934593906,1.14888873809226e-12,3.69151803399076e-11
"SPGP_0Q04530",111.969865351997,1.47568242354948,0.180683353599638,8.16722954356566,3.15552138281562e-16,1.34235583331889e-14
"SPGP_0Q04700",651.226594840368,1.17495740583615,0.136118423997645,8.63187635684406,6.03536062022165e-18,2.9088512010547e-16
"SPGP_0Q04730",30.9510843469382,-1.5792775579843,0.411765215509533,-3.83538360818081,0.000125368466280837,0.000916758230065056
"SPGP_0Q04870",41.2296802739946,1.0379055985687,0.32733789493471,3.17074684791908,0.0015204758585422,0.00785016054373267
"SPGP_0Q04940",4711.60318891268,2.23952547601869,0.219886495465739,10.1849159552758,2.31559894678843e-24,1.85678248290708e-22
"SPGP_0Q04960",336.567099309577,1.31175377921376,0.207611510943366,6.31830948704763,2.64440028500092e-10,6.08144948791708e-09
"SPGP_0R00100",148.805896061667,-1.12119984755971,0.411830750716051,-2.72247724486401,0.00647944955071058,0.0258067219248301
"SPGP_0R00180",72.061220152492,-1.13251993959464,0.315176167564603,-3.59329180358316,0.000326526564983069,0.0020983384434834
"SPGP_0R00220",3293.49694798508,3.59138333102772,0.1550334532774,23.1652153461466,1.0213669739714e-118,3.08486871705162e-115
"SPGP_0R00250",523.073407108474,1.82753538192488,0.247680587738072,7.37859756638473,1.59965545689588e-13,5.63987474511034e-12
"SPGP_0R00380",217.809580167579,-1.18791875637705,0.15470585235354,-7.67856379254722,1.60882038365886e-14,6.20320063673741e-13
"SPGP_0R00400",326.442538010326,-1.25247771131353,0.18077688233599,-6.92830684504055,4.25907171512397e-12,1.27064346035787e-10
"SPGP_0R00630",2400.60013504284,-1.4798838719655,0.153752102830359,-9.62512931350484,6.26281007989561e-22,3.99629029112212e-20
"SPGP_0R00640",3353.298776925,-3.90186777392548,0.289250930588068,-13.4895599678546,1.80172657164477e-41,3.71032828765302e-39
"SPGP_0R00830",4323.68834066714,2.10096896100661,0.11841044933629,17.7431043694445,1.94865670735492e-70,1.35821372502638e-67
"SPGP_0R00880",26.0451228796128,2.92314152953953,0.487714191886559,5.9935543770673,2.05303472017838e-09,4.04403208685573e-08
"SPGP_0R01240",464.148272523936,2.0873909586696,0.259729823188198,8.03677811445277,9.22314650318853e-16,3.83352892043079e-14
"SPGP_0R01330",201.499042606061,1.23997934803081,0.229306923659,5.40750941247099,6.39071854083089e-08,1.01058116402214e-06
"SPGP_0R01560",13734.1882917449,1.12807292014328,0.23063192238744,4.89122628153888,1.00209678083131e-06,1.25068855800448e-05
"SPGP_0R01590",1733.37369296865,1.1018925974704,0.150655498931303,7.31398857185323,2.59327208837795e-13,9.02736596426858e-12
"SPGP_0R02020",79.9563423267517,1.30029157064402,0.202341332371337,6.42622817298503,1.3080901085442e-10,3.10277604018822e-09
"SPGP_0R02060",110.120398696993,-2.36070212179338,0.257137549545797,-9.18069774703569,4.283070482794e-20,2.42555635278728e-18
"SPGP_0R02150",83.4486768014198,1.81745849385831,0.342925675935147,5.29986122766155,1.15890732285055e-07,1.75893789821588e-06
"SPGP_0R02160",350.045751911895,1.15115892824801,0.184864831960384,6.2270303985925,4.75358916324504e-10,1.04039302918269e-08
"SPGP_0R02810",190.099132359721,1.26330445305096,0.166686379548187,7.57893030297506,3.48415605270129e-14,1.30454289229448e-12
"SPGP_0R02820",159.570707421039,1.36646997374704,0.182252128812918,7.49769005524059,6.49522600064426e-14,2.41201814720646e-12
"SPGP_0R02930",210.904076366397,1.14084498792123,0.169713404312925,6.72218551351245,1.79018822093341e-11,5.03754517698062e-10
"SPGP_0R03290",160.638007209995,1.20814672813472,0.183259115165461,6.59256008654143,4.32306126464987e-11,1.14535842453194e-09
"SPGP_0R03300",84.4402632913429,1.1050881943852,0.211122074193606,5.23435646701635,1.65560666285296e-07,2.4234978953329e-06
"SPGP_0R03410",570.824956184847,-1.21791554764231,0.139541301353203,-8.72799333123285,2.59230934988538e-18,1.29773011156417e-16
"SPGP_0S00170",1905.75877059484,-1.50909634805198,0.227102411824208,-6.6450036172232,3.03209628851345e-11,8.20114163290161e-10
"SPGP_0S00390",302.869577859375,1.34280351416184,0.225345586854966,5.95886315282527,2.53998679604883e-09,4.96009059461174e-08
"SPGP_0S00630",43.5848231462765,1.38158483735881,0.386969725193571,3.57026595986987,0.00035661895967327,0.00226918847865133
"SPGP_0S00930",8521.39734835509,1.28154609415404,0.130903431197327,9.79001147970071,1.24281775939791e-22,8.79779040461286e-21
"SPGP_0S01090",572.031882029035,3.49731918112486,0.240821584563338,14.522449005002,8.73334348520998e-48,2.32743603880846e-45
"SPGP_0S01390",13.5693918879636,2.19737860279913,0.758555325366734,2.89679411549418,0.00376997076605829,0.0165502447244449
"SPGP_0S01460",16.8356078764069,2.14410944313425,0.465256337593474,4.60844758015464,4.05686623053311e-06,4.38603465706471e-05
"SPGP_0S01620",455.110564621483,1.58852117029441,0.154520788058763,10.28030720171,8.64516040869557e-25,7.25312948733246e-23
"SPGP_0S01630",252.784883005977,1.2624178988322,0.188697477813557,6.6901683767047,2.22913963216384e-11,6.13928091399289e-10
"SPGP_0S01780",3501.35528008924,4.78574829877183,0.367448072690192,13.0242846662223,8.90315239366466e-39,1.61342927677991e-36
"SPGP_0S01790",556.265393011321,4.93494265834798,0.522941966463275,9.43688396577472,3.84029914906427e-21,2.34039656980749e-19
"SPGP_0S01840",57.4013941414913,1.36635807000583,0.448688255864759,3.04522806680652,0.00232503926924853,0.0111055249439435
"SPGP_0S01950",18.5603649927565,1.44797973925543,0.470192668196731,3.07954555056905,0.00207316665488092,0.01014854838459
"SPGP_0S02000",345.440838752661,-1.46672040276216,0.132097028309405,-11.1033565367324,1.2081950436345e-28,1.21638392115247e-26
"SPGP_0S02020",2931.9203712554,3.48916223349455,0.179259109532277,19.4643510313003,2.20266719566655e-84,2.85119535141923e-81
"SPGP_0S02030",728.149654649585,1.46132580636204,0.149627211367343,9.7664441715378,1.56861006020809e-22,1.09332121196504e-20
"SPGP_0S02440",2558.48089667738,1.01748089973807,0.177050412013977,5.74684288030772,9.09251457404691e-09,1.66775859423966e-07
"SPGP_0S02590",222.609057634567,-1.09550967234592,0.18489018794356,-5.92519097162874,3.11934668218473e-09,6.05233410862438e-08
"SPGP_0S02710",2430.7958919364,-1.15942938695344,0.164974440145195,-7.02793345401272,2.09614818790326e-12,6.50452011321624e-11
"SPGP_0S02760",48.7144681580802,-1.40764166090644,0.332351668001269,-4.23539821350037,2.28147031927361e-05,0.000207138302233849
"SPGP_0S03160",30.8055707477786,1.06370125878764,0.34022264465814,3.12648577479743,0.00176909062874996,0.00889552174645027
"SPGP_0S03280",138.481439220388,-1.12890595558969,0.223553598432265,-5.04982234017467,4.42221144789881e-07,5.96274671568618e-06
"SPGP_0S03330",69.0575220912761,-1.24298203565604,0.258595475993494,-4.80666581996706,1.534681996011e-06,1.85410047544742e-05
"SPGP_0S03390",135.831322279799,-1.27515058596935,0.203816971492185,-6.25635135599215,3.940883572935e-10,8.86063177527643e-09
"SPGP_0T00100",3838.06429779155,-1.76325683444634,0.246477335404792,-7.15382950546155,8.43898707510837e-13,2.76959727649157e-11
"SPGP_0T00120",396.699268113785,-1.24897033284964,0.138474888041279,-9.01947169278322,1.88998534874755e-19,1.03788831787888e-17
"SPGP_0T00190",5027.74087477565,2.48930012388139,0.220526140774132,11.2880047469338,1.50412350349802e-29,1.58475151920879e-27
"SPGP_0T00360",1338.41669615136,-1.03378555709882,0.202302051895125,-5.11010910376105,3.21972822818429e-07,4.50215393141633e-06
"SPGP_0U00140",733.495373664805,-1.68279641774033,0.249081088524658,-6.75601840231133,1.41835411969677e-11,4.02874817510109e-10
"SPGP_0U00170",3723.33960430736,2.7212101568679,0.15988066243686,17.020258206289,5.81137970501393e-65,3.51046076714208e-62
"SPGP_0U00250",1426.23081763669,-1.00714954581518,0.162193928843571,-6.20953911774669,5.31402207675375e-10,1.15192234539392e-08
"SPGP_0U00320",2569.16731162016,1.09359530329883,0.082985016478738,13.1782260184165,1.17112320470465e-39,2.2577760335806e-37
"SPGP_0U00530",14.0865466007837,1.94580702535283,0.532782800759542,3.65215810754187,0.000260045688885855,0.0017211643440429
"SPGP_0U00710",2617.38175575041,2.52311764935721,0.104490173368024,24.1469371523632,8.04083893535494e-129,3.64290207966256e-125
"SPGP_0U01040",235.331401910252,-1.24678102313879,0.321227492486862,-3.88130235518299,0.000103898571505324,0.000779325295041178
"SPGP_0U01200",544.071395060129,-1.14893710475236,0.170293642753551,-6.74679974058161,1.51141651456012e-11,4.27967032450913e-10
"SPGP_0U02060",84.791424644262,-1.50622791076722,0.423898567210358,-3.55327436155205,0.0003804674321704,0.00240238007170453
"SPGP_0U02200",8884.15830291943,2.58808749534597,0.221703353455932,11.673650646247,1.73801636237173e-31,2.01899567428849e-29
"SPGP_0V00170",334.859779374322,1.48646175763599,0.180811241548799,8.22106935886958,2.01696570706134e-16,8.74436663716881e-15
"SPGP_0V00370",156.998092988012,1.72199222107878,0.244888239501775,7.03174731698906,2.03962936309254e-12,6.37278677895913e-11
"SPGP_0V00400",182.999061916497,-1.19814755767512,0.189041534794468,-6.33801222031856,2.32748372547138e-10,5.36624173956646e-09
"SPGP_0V00480",370.90063430652,-1.74693670323711,0.170634867892242,-10.2378647741581,1.34164575582878e-24,1.09519389131213e-22
"SPGP_0V00620",6537.85508268624,-1.42143036433583,0.104431238230467,-13.6111606873694,3.43740933660331e-42,7.24334092999131e-40
"SPGP_0V00630",4.17412996650566,-3.43368051543594,1.29403126861138,-2.65347569160413,0.00796675086116633,0.0306135409470009
"SPGP_0V00870",118.57169326015,-1.02592572759701,0.283016133200453,-3.62497259783551,0.000288992092275831,0.00188385420727432
"SPGP_0V00880",61.8280488017414,-1.06005334035323,0.244450505624132,-4.33647432083113,1.44786333058448e-05,0.000138686598995331
"SPGP_0V00990",791.494360406776,1.19883032345655,0.168019797129318,7.13505398732185,9.67491786980584e-13,3.13087252922538e-11
"SPGP_0V01020",2155.0677550803,-1.38800440364611,0.123877592496846,-11.2046446469441,3.86903260393629e-29,3.93902296901873e-27
"SPGP_0V01060",10496.4479089426,1.38159014818225,0.316970224695103,4.35873795247242,1.3081463629899e-05,0.000126771274813385
"SPGP_0V01300",62.5749355840782,1.01104152586653,0.284477245179207,3.55403303076008,0.000379371563355992,0.00239713091741189
"SPGP_0V01400",2.85726040340147,3.9341058543484,1.4536546348711,2.70635525108564,0.00680262311169928,0.0268577638410053
"SPGP_0V01460",1240.26432085315,3.40708810052372,0.236732226030791,14.3921601112329,5.7957054487963e-47,1.50042534490124e-44
"SPGP_0V01490",1261.80489362752,-1.06541030778374,0.218842718403192,-4.86838362983978,1.12514747106191e-06,1.38895929636131e-05
"SPGP_0V01520",2.92568341976462,-4.46636850740738,1.4301642440524,-3.12297592810168,0.00179032389974203,0.00897241419002352
"SPGP_0V01960",451.514086968521,1.66034813056099,0.236444515072723,7.02214695084094,2.18484557783137e-12,6.7566163074164e-11
"SPGP_0W00100",1293.63869831133,1.15611615569339,0.177070452312157,6.52913086625698,6.61524330938432e-11,1.66501998962031e-09
"SPGP_0W00110",3353.64953994544,-1.77753086235589,0.204737403592796,-8.68200353801124,3.88857325147002e-18,1.91491099084619e-16
"SPGP_0W00170",2389.12491155637,2.59356860654894,0.174091080842503,14.8977684209755,3.40772158514099e-50,1.10276304582009e-47
"SPGP_0W00420",17.911577312321,1.25492413788378,0.360937292356253,3.47684809649743,0.000507345169957498,0.00307701110106083
"SPGP_0W00760",53.4680754557934,-1.88148550688605,0.34216562968983,-5.49875657760133,3.82478699824682e-08,6.3572229186692e-07
"SPGP_0W00780",129.794366585211,-1.30031456331344,0.256395791278021,-5.07151290133094,3.94665504265217e-07,5.38563875624567e-06
"SPGP_0W00850",1282.39109268696,-1.4690482947945,0.152180569066994,-9.65332370486658,4.75878177407137e-22,3.10210947157271e-20
"SPGP_0W00960",1084.78131449363,1.87267508029051,0.147169988523059,12.7245717627891,4.31835866798928e-37,6.74631860183636e-35
"SPGP_0W00970",8.37391291310555,1.86931294231389,0.749632218651075,2.49364007549945,0.0126440683873143,0.0446136696485417
"SPGP_0W01010",2813.71112691181,-1.94337572188319,0.200370284549569,-9.69892180495668,3.04701408681211e-22,2.01525508325581e-20
"SPGP_0W01140",367.25601367653,-1.34719942074725,0.137757011681715,-9.77953429956746,1.37843320901186e-22,9.68215760221428e-21
"SPGP_0W01190",26.7939113258113,-1.30800202706333,0.484883782083828,-2.6975577971325,0.00698501581468377,0.0274940175051475
"SPGP_0W01210",83.9925390416808,1.02800194416228,0.275146866366712,3.73619353815273,0.000186826895232679,0.00129027324520069
"SPGP_0W01220",455.051894790502,-1.7284053321115,0.183158619902003,-9.4366584168207,3.84857177906762e-21,2.34039656980749e-19
"SPGP_0W01250",857.04579349058,-1.32585100221989,0.110944347604951,-11.9505953285782,6.44618073267395e-33,8.22659769278292e-31
"SPGP_0W01340",1144.90200480162,-1.02052714873937,0.294921250495332,-3.46033779195415,0.00053949815872572,0.00325024792344845
"SPGP_0W01560",110.685701184138,1.32599837762878,0.225932745915731,5.86899598043817,4.38442065248077e-09,8.3111371406126e-08
"SPGP_0W01570",346.317516098511,2.94792868245504,0.241977273093891,12.1826675900724,3.84496649522008e-34,5.35988329433679e-32
"SPGP_0W01590",2549.66170822595,1.53448482574477,0.150186434893688,10.2171998877993,1.66068711289284e-24,1.34352552945732e-22
"SPGP_0W01630",617.012650107233,1.00871598196906,0.135413194835511,7.4491705420167,9.39288886300066e-14,3.45971406453858e-12
"SPGP_0W01670",83.0962745216029,1.02491721929697,0.263212620895361,3.89387566527223,9.8655229655037e-05,0.000745550488660792
"SPGP_0W01820",560.924118761362,-1.1976527784129,0.376485192335136,-3.18114178936096,0.00146695813036731,0.00762599404432487
"SPGP_0W01850",850.780546190109,4.19645340242446,0.198911084829356,21.0971319472947,8.45090290714975e-99,1.53147262483368e-95
"SPGP_0W01860",602.659655868154,4.30883833910472,0.22565596881872,19.0947235371656,2.79332193457134e-81,3.16378625614386e-78
"SPGP_0W02070",19.9260739909167,-1.12840472565821,0.460371125662847,-2.45107623557737,0.014242978390522,0.049107925112831
"SPGP_0W02140",708.20409278645,-1.08451575331463,0.173792459259162,-6.24029234604122,4.36753843303612e-10,9.7234068161524e-09
"SPGP_0W02300",267.003494023553,-2.48866165874162,0.1701012536773,-14.6304721743138,1.79536825567202e-48,4.9296459892861e-46
"SPGP_0W02310",206.18656895376,-1.88692823364052,0.283842342130862,-6.64780391633952,2.97498261807847e-11,8.07075374323623e-10
"SPGP_0W02320",1073.7057184145,-1.6283211924305,0.219985112791196,-7.40196084985105,1.34188067524182e-13,4.76814933269259e-12
"SPGP_0W02330",2031.41795368923,-1.33129698643909,0.297398083855668,-4.47648138541869,7.5883280966375e-06,7.78684494718374e-05
"SPGP_0W02340",908.297958004008,-1.20663539943738,0.221396997420413,-5.45009830077363,5.03419868062023e-08,8.13099362657753e-07
"SPGP_0W02560",33.8616779000517,-1.58641476558089,0.435740993880726,-3.64072875368512,0.000271867437684674,0.00178895486772754
"SPGP_0W02590",19.844004580108,-1.62656282370611,0.490097029946817,-3.31885876534003,0.000903861320246168,0.00507113772306534
"SPGP_0W02620",376.287085257057,-1.215745971428,0.188688446629229,-6.44313943511827,1.17027086839308e-10,2.83524714933414e-09
"SPGP_0W02850",6.10761521892302,-2.35881784819491,0.871241833582198,-2.70742032495891,0.00678083449555365,0.0268067806999178
"SPGP_0W02890",9.84094033901313,2.5406702721008,0.629354630028714,4.03694538957295,5.41516678177923e-05,0.000443642189961136
"SPGP_0W02900",13.5378352779187,1.50680481058196,0.598608714407874,2.51717820725755,0.0118298977330382,0.0423678669403395
"SPGP_0W02950",2994.90255384295,-1.42082539795439,0.142589824363335,-9.96442350846841,2.18135674835182e-23,1.6609473526736e-21
"SPGP_0W03070",2339.84568457015,-1.62350556880467,0.25323187410044,-6.41114225676321,1.44433342900077e-10,3.39044176170362e-09
"SPGP_0W03080",1818.29737270792,-1.05944974293208,0.240638817116255,-4.40265521426766,1.06934034873551e-05,0.000106592881186936
"SPGP_0W03190",569.846325134336,1.00514327041956,0.197246626599638,5.09587052385821,3.47142333692107e-07,4.80956679752932e-06
"SPGP_0W03370",485.129231479993,1.30416044773444,0.175837494581868,7.41685071682611,1.19938002028776e-13,4.32971408917426e-12
"SPGP_0W03410",142.610633495666,1.31770136985271,0.360569733845381,3.65449799626767,0.000257685675736608,0.00170803943514953
"SPGP_0W03570",113.852323242153,2.06230005941797,0.234981522392631,8.77643500824743,1.68738209714129e-18,8.58953324842541e-17
"SPGP_0W03840",257.257161993707,1.22608500430984,0.141983110713355,8.63542852491196,5.85072950000928e-18,2.85018602148301e-16
"SPGP_0W04200",25.8592696622467,-1.7163730136897,0.427846714521062,-4.01165407010554,6.02948073368818e-05,0.000485196491367217
"SPGP_0W04410",7047.22506081992,2.43729332704455,0.148858914861171,16.37317677156,2.97283173038051e-60,1.22440128677172e-57
"SPGP_0W04530",24.280163187661,1.29890507039274,0.362491678978421,3.58326865337525,0.000339321297658137,0.00216978848135524
"SPGP_0W04540",166.4829917487,-1.33212219504656,0.278766569540701,-4.77862965147286,1.76493940365303e-06,2.09870287880579e-05
"SPGP_0W04580",2469.9411099018,-1.17220143533173,0.185825204375593,-6.30808635066778,2.82506595954843e-10,6.43163885916289e-09
"SPGP_0W04610",40.5887741165396,1.44713623655389,0.414121963897562,3.49446868969223,0.000475006321925192,0.00291798798845028
"SPGP_0W04780",3.58091239095771,4.25881431626617,1.43819436488118,2.96122305876092,0.00306419928908316,0.0139311137774122
"SPGP_0W04920",70.6567614605446,1.0088636707101,0.274653544360443,3.6732228344598,0.00023951044470026,0.00159926613075096
"SPGP_0X00190",92.2986213040829,-1.91094322114194,0.333658793030378,-5.7272377082775,1.0207908885498e-08,1.83156163191084e-07
"SPGP_0X00340",213.030159235129,-1.28371197882538,0.201585183620433,-6.36808695842692,1.91400399617297e-10,4.42418117584778e-09
"SPGP_0X00430",24859.601976206,1.97248343071512,0.189313130489602,10.4191580669227,2.02739924938262e-25,1.7495490093958e-23
"SPGP_0X00660",1138.31990364675,2.59712637507065,0.213825659866372,12.145999580657,6.02418226009085e-34,8.14703215801241e-32
"SPGP_0X00920",774.54639613547,-1.10275255407692,0.132840192598982,-8.30134714879492,1.0293742669369e-16,4.61740605579965e-15
"SPGP_0X01050",119.903928817871,2.07506727122485,0.260162397149774,7.97604609258826,1.51095535745998e-15,6.22307567906584e-14
"SPGP_0Y00410",361.358879826184,1.11690435333638,0.184260369404569,6.06155494502487,1.34811818082355e-09,2.75740380055129e-08
"SPGP_0Y00420",157.650459760588,1.4652589535508,0.202779963158561,7.22585669080657,4.97952646655841e-13,1.65880475417227e-11
"SPGP_0Y00610",3590.78228710682,1.45308765796577,0.217258877305021,6.6882774871643,2.25812661453619e-11,6.20026825888255e-10
"SPGP_0Y00630",190.656624601107,-1.22570594417609,0.263539769566468,-4.65093350499782,3.3043586821493e-06,3.64243236240327e-05
"SPGP_0Y00710",25.0881849619104,-1.10465547736989,0.411540446850069,-2.68419662228809,0.00727043341436138,0.0283954298135898
"SPGP_0Y00970",9.38634482464633,-1.60551613284345,0.647521683016774,-2.4794785641207,0.0131574638488004,0.0460130374118024
"SPGP_0Y01660",2775.03233284343,-1.16622144520519,0.103758879966737,-11.2397266198234,2.60186824856638e-29,2.67903729548409e-27
"SPGP_0Z01130",12312.898988963,1.01842273681065,0.158438021663388,6.42789354549224,1.29384295098185e-10,3.07894325286604e-09
"SPGP_0Z01510",1501.20439404647,-1.29821342810772,0.216140364437036,-6.00634421751383,1.89753119884208e-09,3.76673591556056e-08
"SPGP_0Z01520",621.728322439224,-1.08668241648749,0.214986281533548,-5.05465934261446,4.31159656499015e-07,5.85717788236518e-06
"SPGP_0Z01760",3874.39036405979,-1.14415733706804,0.208219332196505,-5.49496209116766,3.90794352712347e-08,6.47346915891513e-07
"SPGP_0Z01790",2211.33064090827,-1.23694251708588,0.114594716767509,-10.7940623440382,3.67191380999456e-27,3.36072838710714e-25
"SPGP_0Z01930",33.0489763284369,-1.20462648728129,0.472288673840155,-2.55061481251824,0.0107533098889224,0.0391622752827676
"SPGP_0Z02170",1186.75009002117,2.99982693933211,0.193711903411855,15.4860227301268,4.31151161314088e-54,1.5025617971796e-51
"SPGP_0Z03080",19.8594781445925,-1.35289877579695,0.456083358287528,-2.96634102344081,0.0030136612013399,0.0137289010283262
"SPGP_0Z03100",7.3757463266569,-2.14198123195142,0.819707694959799,-2.61310372602574,0.00897240665817084,0.0338463683304271
"SPGP_0AA00140",544.818832602414,-2.13428851544218,0.381397367611466,-5.5959707556671,2.19390683591724e-08,3.76496019701632e-07
"SPGP_0AA00370",202.263201730346,-1.3236166030077,0.245839537719603,-5.38406724681277,7.28212770409282e-08,1.13978725381353e-06
"SPGP_0AA00400",24.4737150925017,3.59837636313207,0.585308452272803,6.14782914745084,7.85505770757462e-10,1.66295976374611e-08
"SPGP_0AA00430",2979.26850776144,2.17760524319085,0.221312668702108,9.83949656366921,7.60906321179521e-23,5.51623161080911e-21
"SPGP_0AA00440",1041.20439698307,2.02111569613201,0.231173479560339,8.74285277003187,2.27296806395513e-18,1.1441868681943e-16
"SPGP_0AA00480",2943.33997885881,2.14503945390317,0.176196771968614,12.1741132367923,4.27009636956395e-34,5.86232472797257e-32
"SPGP_0AA00510",53.5518579476469,1.54906140769242,0.283613781101452,5.46186931282546,4.71146879051714e-08,7.66438396963658e-07
"SPGP_0AA00520",890.411323142654,1.15980698319415,0.165659219735728,7.00116169232454,2.53848768290786e-12,7.71853587074769e-11
"SPGP_0AA01010",49.5447595932331,2.25767259383576,0.394864186838248,5.71759270424946,1.08043733692273e-08,1.93475152368712e-07
"SPGP_0AC00580",420.111895911383,2.12823848716014,0.248663066264133,8.55872373462774,1.14123827022252e-17,5.41401045365771e-16
"SPGP_0AC00590",267.430892801031,3.13418579448354,0.218965381109804,14.3136133145716,1.79917109507312e-46,4.40602413309663e-44
"SPGP_0AC00710",42.5353672201854,1.56267136130281,0.346010054213635,4.51625998225469,6.29413830945113e-06,6.59320083490598e-05
"SPGP_0AC00720",41.9704336985713,1.35298187516917,0.345143406900996,3.92005713601033,8.85279777765651e-05,0.000677493248845825
"SPGP_0AC00750",41.0681030482144,1.15305073462915,0.33683716311178,3.42316959321531,0.000618954474113283,0.00367278748522623
"SPGP_0AC00760",185.644622538273,2.16027405576076,0.221823189932486,9.73872053872392,2.06133281324993e-22,1.4043410993126e-20
"SPGP_0AC00830",82.614476393841,1.09966673478167,0.207630467230333,5.29626865194964,1.18192913719285e-07,1.78490998535073e-06
"SPGP_0AC01120",6.92315251448488,1.71402111681637,0.669126742440015,2.56157915698613,0.0104197493608153,0.0382620556098926
"SPGP_0B00120",33987.4917408624,2.20991181933041,0.311966280991962,7.08381627752696,1.40237804536144e-12,4.47427727782395e-11
"SPGP_0B00200",21682.844311869,-2.61496869989563,0.237289087422402,-11.0201810302414,3.05444170137133e-28,2.94428683575805e-26
"SPGP_0B00760",1033.68487510216,-2.44440774374831,0.283097149981012,-8.6345190826268,5.89746167127313e-18,2.85758824617143e-16
"SPGP_0B00770",60.5935480052735,-1.81747731507228,0.283194667719552,-6.41776672459148,1.38287937444337e-10,3.25605600543236e-09
"SPGP_0B00800",2340.21079098348,2.97126423807486,0.175397416969963,16.9401824120573,2.27418381559952e-64,1.21213997371454e-61
"SPGP_0B00910",131.141446431968,-1.24015632509302,0.330889537900267,-3.74794661977742,0.000178288184744192,0.00124171348344898
"SPGP_0B00990",20.1602309213436,-1.11676210019017,0.441271412039862,-2.53078280106052,0.0113808298494659,0.0410679805918004
"SPGP_0B01050",70.2074296904511,-1.77237379574901,0.333652116309564,-5.3120412223149,1.08404073083396e-07,1.65640692446652e-06
"SPGP_0B01060",11.2175376711256,-1.71358177892792,0.61288843844149,-2.79591141135795,0.00517535844118546,0.0214421229243628
"SPGP_0B01070",48.665550556978,-1.1997522346696,0.447418169089295,-2.68150092588251,0.00732927116155913,0.0285759578291253
"SPGP_0B01680",18.2941624528975,1.79597763321413,0.560341057255308,3.20515088080691,0.00134991697880007,0.0071072619087202
"SPGP_0B02010",336.715065558359,4.44435341460008,0.242816047397035,18.3033760010639,7.77766045289132e-75,7.04733813636482e-72
"SPGP_0AE00250",24.6969988969508,-1.89834176862094,0.39787641074029,-4.77118451201689,1.83145670808793e-06,2.16078505624802e-05
"SPGP_0AE00350",3.38884494915042,3.76727645106523,1.47905230725736,2.54708804589269,0.0108626022443995,0.0394651318911404
"SPGP_0AE00400",6482.20370561132,2.54006095130212,0.237291491644208,10.7043911844537,9.70666011376128e-27,8.7952047290791e-25
"SPGP_0AE00410",2025.00233508275,1.87715114666224,0.192374019791852,9.75782046189659,1.70786056985446e-22,1.18129195598865e-20
"SPGP_0AE00460",2478.41505545577,2.09672916484356,0.162842480946273,12.8758119666289,6.15879585529645e-38,1.01463362263347e-35
"SPGP_0AE00490",1637.6317290729,1.61789980073145,0.203705333029107,7.94235367662308,1.98380315126909e-15,8.02466087216483e-14
"SPGP_0AE00680",4461.05815017902,2.21856438304994,0.203317215967102,10.9118373104662,1.01190238991949e-27,9.6514184790111e-26
"SPGP_0AE00810",93.7564464559741,1.22862380909773,0.226217019382077,5.43117318252082,5.59847698283263e-08,8.93095069391663e-07
"SPGP_0AE01190",75.9095827234223,1.42058305066219,0.378121164310304,3.75695196340927,0.000171995496135284,0.00120158148842083
"SPGP_0AE01300",5.58843439165949,-2.32035069895023,0.932876895146873,-2.48730642919923,0.0128714478393467,0.045249281583499
"SPGP_0AE01310",134.878802734618,-1.57671025701282,0.245095655473095,-6.43304041423902,1.25076376983204e-10,3.0013784229517e-09
"SPGP_0AF00180",35065.9535974027,1.49615666089586,0.149315002644194,10.0201361845808,1.24331509892371e-23,9.71179147529976e-22
"SPGP_0AF00190",1623.58957665068,1.48415525844988,0.0886091039971947,16.7494669452574,5.71359442122496e-63,2.87615994726219e-60
"SPGP_0AF00480",145.274914895754,-1.39831346312178,0.192390250348636,-7.26810979552166,3.64552442596588e-13,1.22795898972776e-11
"SPGP_0AG00120",81.2545475729177,1.00019591747182,0.246941387035529,4.0503373269217,5.11438532608984e-05,0.000421669203272976
"SPGP_0AG00150",236.39844712524,1.68944423258834,0.206323710230772,8.18831839878559,2.64901258318257e-16,1.13756886332783e-14
"SPGP_0AH00100",4112.12485516917,1.25579280940636,0.172710819517972,7.27107203191563,3.56645689516694e-13,1.21032456655834e-11
"SPGP_0AH00400",1680.41063411033,1.36681270213338,0.167279285942373,8.17084251904473,3.06243176029577e-16,1.30890066886981e-14
"SPGP_0AH00560",74.5477339611065,-1.2795400625651,0.312232791788364,-4.09803228942201,4.16677166339592e-05,0.000350572982756857
"SPGP_0AH00800",77.0984691186775,-1.37773206311732,0.326624082005997,-4.21809700820536,2.46372825890269e-05,0.000221247192803937
"SPGP_0AH00840",1056.91984058222,-1.60379706174978,0.245704613597088,-6.52733800261365,6.69488533958001e-11,1.68039767484583e-09
"SPGP_0AI00100",5465.10106929045,2.63468043838996,0.139941376706854,18.8270295775997,4.53495184749474e-79,4.56568874334998e-76
"SPGP_0AI00110",12897.3399125799,2.14084689891878,0.138057917606667,15.5068752015957,3.11682437950525e-54,1.12966182810788e-51
"SPGP_0AI00140",5367.07671646608,1.15882530678549,0.201980560035959,5.73731108864726,9.61914770878452e-09,1.73970254270053e-07
"SPGP_0AI00400",9023.34636707983,1.03251029820945,0.165608746359473,6.23463627922323,4.52828971217536e-10,9.98317106618515e-09
"SPGP_0AI00460",100.952878402976,1.45051778547587,0.253785422016565,5.71552839383025,1.09363657351433e-08,1.95452485061406e-07
"SPGP_0C00130",63.6844131883938,1.43689395796019,0.271227133163943,5.29775152359724,1.17237351824768e-07,1.77640074395355e-06
"SPGP_0C00180",2337.69894634545,-1.0057321483163,0.17742816465329,-5.66839064294887,1.44145024422776e-08,2.53611275008695e-07
"SPGP_0C00490",681.122339058701,-1.3128719180438,0.186729760437367,-7.03086596892072,2.05255602676597e-12,6.39113751152111e-11
"SPGP_0C00660",1753.5549031983,2.35430731964104,0.135936059619025,17.319225864272,3.36858884301389e-67,2.18019882189635e-64
"SPGP_0C00670",2339.33288820565,1.98348981729013,0.158066339943621,12.5484642587258,4.05294276067997e-36,6.12061905908686e-34
"SPGP_0C00750",2184.39275232969,1.01949025270803,0.0857186406326605,11.8934486732818,1.28009538677016e-32,1.56742490534114e-30
"SPGP_0C00780",50.1065399786542,1.09048870742137,0.291109651588502,3.74597235602077,0.000179696379951213,0.00124960007577739
"SPGP_0C01050",17.6641936059448,1.82228624212993,0.443788573211204,4.10620361165245,4.02214972144453e-05,0.000339652363709309
"SPGP_0C01110",1354.83017622806,1.8052764820061,0.10642201507723,16.9633743609911,1.5328330564394e-64,8.68062520274838e-62
"SPGP_0C01120",1556.09000203838,1.52151681057272,0.128923665201647,11.8016875194554,3.82561667539678e-32,4.50180684360652e-30
"SPGP_0C01810",9.648411751425,1.73272901679835,0.68493860356141,2.52975815319629,0.011414117245419,0.0411225909983069
"SPGP_0C02420",7.9279548188159,-1.58639663280129,0.638839308965364,-2.48324830757605,0.0130190301253856,0.0456169497162098
"SPGP_0C02460",45.5500863241414,-1.16670867457488,0.329680508323597,-3.53890704824351,0.000401787303185549,0.00251248775304642
"SPGP_0C02490",9.14874290827646,2.71477588302027,0.817838354755276,3.31945288116577,0.000901940244337238,0.00506349476700106
"SPGP_0C02640",264.173097343108,-3.24802696641661,0.483614105531654,-6.71615432483291,1.86583187096593e-11,5.23414940644652e-10
"SPGP_0C02790",1331.12389797617,1.59809487607865,0.191250323268629,8.35603751547114,6.48600907508361e-17,2.93848641146663e-15
"SPGP_0C02850",52.1477307478105,-1.52021493288995,0.340618527463036,-4.463101124336,8.07819043676533e-06,8.24613606384838e-05
"SPGP_0C02940",21.9153638460591,-1.82808113341665,0.373161631199321,-4.89889897721075,9.63751768408314e-07,1.20782223700522e-05
"SPGP_0C04080",23.9992981152144,-1.07042061913886,0.407475170065758,-2.62695913217514,0.00861516803076682,0.0326735728209615
"SPGP_0C04120",1063.74136593792,-1.58137367885575,0.188451092168881,-8.3914275086217,4.80274440796265e-17,2.18681744123365e-15
"SPGP_0C04260",188.874342965007,-1.19437615173655,0.370621021825156,-3.22263466290913,0.00127017444764313,0.00675413771719154
"SPGP_0C04740",3.48986124697017,-3.60350809912794,1.44100508395878,-2.50069076038805,0.0123951358392107,0.043889146478737
"SPGP_0C04800",62.8870665027098,1.42150823538429,0.285343309227474,4.98174721262196,6.30127168122658e-07,8.22706379014323e-06
"SPGP_0AT00100",357.53194715061,1.45198740953326,0.257351004402005,5.64205068057606,1.6803661703401e-08,2.9112424224573e-07
"SPGP_0D00420",8031.71358858429,1.98437793445445,0.21161490638554,9.37730695983732,6.76792410574349e-21,4.03448423171985e-19
"SPGP_0D00640",272.672860395195,1.63655834108467,0.239458871324338,6.83440263471389,8.23474419343777e-12,2.39150695951089e-10
"SPGP_0D00710",236.474272490958,-1.27896431348302,0.277161154545971,-4.61451503035534,3.94014262108896e-06,4.27564458559126e-05
"SPGP_0D00720",253.098407862728,-1.46225293335563,0.188926874432261,-7.7397825891621,9.95869582891619e-15,3.88947167697455e-13
"SPGP_0D00760",76.3217998263344,-1.15333000515873,0.380546777313267,-3.03071809805213,0.00243972915087993,0.0115317609995426
"SPGP_0D00900",62.8213096677219,-1.81679413990826,0.295632089928416,-6.14545647039933,7.97338780679951e-10,1.68407615192099e-08
"SPGP_0BC00250",2504.3767556232,-1.08941562654906,0.191215173597963,-5.69732833462053,1.21699417725457e-08,2.15374692189524e-07
"SPGP_0BF00120",37.0924450802806,-1.37952914604178,0.334617744367417,-4.12270170743553,3.74454468359756e-05,0.000319184566115499
"SPGP_0BF00140",81.6443030386676,-1.05278833386816,0.275866413383004,-3.81629760925807,0.000135469095722872,0.000979637251671945
"SPGP_0BF00180",7778.55573774312,-2.17347328810227,0.173546025647907,-12.5239012532148,5.52511876496154e-36,8.07469373053493e-34
"SPGP_0BF00200",5319.31272446859,1.25690462380346,0.207947471671164,6.044337128518,1.50025518805973e-09,3.02084716866871e-08
"SPGP_0BF00270",4570.15229401759,-1.21573166315442,0.167237922741416,-7.26947359322437,3.60891060606996e-13,1.22016190304477e-11
"SPGP_0BF00410",1290.07529988361,1.1634628224077,0.18831854651751,6.17816377581015,6.48514228420652e-10,1.3891696037162e-08
"SPGP_0E00270",2142.86618009518,-1.46284257635959,0.170703924585143,-8.56947243547383,1.03960201124669e-17,4.95780727574015e-16
"SPGP_0E00280",65.9642407035213,-1.23066517529402,0.250144254659907,-4.91982187225216,8.6623009245132e-07,1.09621660163428e-05
"SPGP_0E00300",3050.73093104006,-1.0517234409225,0.137416196280178,-7.65356245764613,1.95486624005591e-14,7.47385780639098e-13
"SPGP_0E00410",35.8826093208351,-1.14498903183916,0.345377197948692,-3.31518420625225,0.000915827531323132,0.00512557953138907
"SPGP_0E00520",4254.75052647594,-1.46267330692479,0.306792801304996,-4.7676259048552,1.86409502229679e-06,2.18725579310152e-05
"SPGP_0E00530",3627.00512275546,-1.75247769655257,0.254501272023349,-6.88592902746589,5.7411610301601e-12,1.68898247059353e-10
"SPGP_0E00680",1313.99715142932,1.16011134742789,0.117589784219027,9.86574943676251,5.85952247622805e-23,4.35189616041822e-21
"SPGP_0E00740",2374.13066601309,1.13029714725,0.143027446239644,7.90265908374098,2.73015552938858e-15,1.09946396674622e-13
"SPGP_0E00750",2514.82419096363,1.76376065328197,0.146173802579225,12.0661884835761,1.59345229330199e-33,2.1232751808249e-31
"SPGP_0E00840",7.30199118926543,3.50108355370395,1.21012029529359,2.89316985040279,0.00381374998097561,0.0166939075254203
"SPGP_0E00960",5804.01156709892,-1.57130245139248,0.159433852863108,-9.85551326255427,6.48843269448269e-23,4.77981208493558e-21
"SPGP_0E00990",7613.16965260767,1.0363779657586,0.103833800718068,9.9811232815468,1.84367627044614e-23,1.41572463445021e-21
"SPGP_0E01000",1511.24153777228,1.73078860862309,0.185643077586174,9.32320575120645,1.12877186279193e-20,6.59858183790817e-19
"SPGP_0E01320",734.949528381782,1.00690358727762,0.262333503495091,3.83825769054489,0.000123910407794585,0.00090791685051545
"SPGP_0E01340",2509.7677011071,2.24031476225139,0.173419267282353,12.918488224286,3.54029072627346e-38,6.05256118316298e-36
"SPGP_0E01370",109.338921125464,-1.45760520940285,0.288440172963692,-5.05340568349447,4.34000681952495e-07,5.88694637600532e-06
"SPGP_0E01410",99.2298514800956,2.64014086086725,0.223170541453286,11.8301494618181,2.72655862315044e-32,3.25070364267976e-30
"SPGP_0E01420",62.9155028228075,2.20301620833553,0.353517146696586,6.23170963253536,4.61372060941941e-10,1.01222572498667e-08
"SPGP_0E01500",6226.52385733527,1.38528446296975,0.145139258551305,9.54451935883404,1.36740187236158e-21,8.5448471485988e-20
"SPGP_0E01730",36727.2160698327,1.80103091442217,0.331070645719139,5.44001994048743,5.32746079607387e-08,8.54373845543811e-07
"SPGP_0E02040",179.251050249619,1.52875569569924,0.245318327279871,6.23172232034321,4.61334686989623e-10,1.01222572498667e-08
"SPGP_0E02110",34.3706609618269,-1.33447254316651,0.381730766728369,-3.49584749116147,0.000472558706150605,0.00290492159866393
"SPGP_0E02120",4.23841638550352,4.39770567823628,1.55280493173923,2.83210439917304,0.00462427477486601,0.0195888516760453
"SPGP_0E02230",558.151148089329,-1.18574272114788,0.187785008799324,-6.31436305128603,2.71276424042061e-10,6.20716080364928e-09
"SPGP_0F00100",2257.04747014757,1.00492352070719,0.145322490213474,6.91512730913839,4.67443391835649e-12,1.38869002407305e-10
"SPGP_0F00160",1238.01709953338,-1.17265973511122,0.206774053613435,-5.67121316537866,1.41789840590671e-08,2.49952868792232e-07
"SPGP_0F00440",352.162991520974,1.17189758004082,0.157332151305606,7.44855752823528,9.43662808526093e-14,3.46175251338256e-12
"SPGP_0F00460",155.054452841759,1.27148226284735,0.265035103040932,4.79741078920773,1.60729755893257e-06,1.92452354569165e-05
"SPGP_0F00530",3199.05224750217,1.05316337183005,0.117679587042845,8.94941423822822,3.5737366848887e-19,1.93901964681296e-17
"SPGP_0F00740",1.76924470938488,-3.86569254949546,1.54412696505107,-2.50348102001289,0.0122978276277515,0.0435786531619307
"SPGP_0F00800",45.3512352787552,-1.34113585050057,0.260167538848535,-5.1548930986404,2.53775661935627e-07,3.59853094334697e-06
"SPGP_0F00850",2526.98699462302,1.24635757680915,0.121601894573159,10.2494914341923,1.18967829953679e-24,9.88961015789251e-23
"SPGP_0F00860",1252.21851682283,1.31982826395563,0.149199495605295,8.84606384626939,9.06604011491034e-19,4.69413654178301e-17
"SPGP_0F01150",21.8707106284284,-1.92939697049381,0.688736425395717,-2.80135752858616,0.0050888105564661,0.021182410374885
"SPGP_0F01270",2350.05471970442,-1.03131703966021,0.308727123159211,-3.3405456219937,0.000836139419329401,0.00474702962314768
"SPGP_0F01350",36.833327700227,-1.25569383601038,0.456385093916158,-2.75139099140048,0.00593427666767395,0.0239512164301976
"SPGP_0F01420",219.660001506428,1.07656905810102,0.178862096286445,6.01898938038228,1.75509382583374e-09,3.51057508959813e-08
"SPGP_0F01580",309.248488641946,1.30161938091848,0.159432866569427,8.16405932431548,3.23949678100653e-16,1.37163926788318e-14
"SPGP_0F01630",743.822493813014,2.07629684722188,0.227619239291106,9.12179855133633,7.38877725244334e-20,4.08229943197495e-18
"SPGP_0F01640",32.8159547450117,-1.2271728393801,0.418191825721182,-2.93447352124545,0.00334114059320326,0.014955856211626
"SPGP_0F01720",214.738657949161,-1.12649217407728,0.310036511552623,-3.63341778178301,0.000279691597840631,0.00182980907439275
"SPGP_0F01840",16.4629420438055,1.66876096822413,0.552844225022482,3.01850122094749,0.00254028378138996,0.0119015053480736
"SPGP_0F02040",62.0416716712108,-1.05822575398585,0.351715519599337,-3.00875478907312,0.00262320743054946,0.0122267914239757
"SPGP_0F02130",114.579380599547,-1.40832646391574,0.38921511678288,-3.61837555426031,0.000296457991981673,0.00192697694788087
"SPGP_0F02250",104.650534425654,-1.11122527347751,0.287663998623891,-3.8629278560867,0.000112036102821131,0.000832780252389061
"SPGP_0F02460",30.5747601132893,-1.04264497833612,0.411744885763391,-2.53225969377378,0.0113330021543493,0.040911686263171
"SPGP_0F02500",36.3553864486154,-1.37694107036851,0.363647245702706,-3.78647463067602,0.000152799688128359,0.00108504543427199
"SPGP_0F02780",3708.29222975138,2.55673134481044,0.157050644318892,16.2796616078759,1.3762787214033e-59,5.42193978027622e-57
"SPGP_0F03010",188.321321634237,-1.00636058535915,0.250850266543347,-4.01179795113056,6.02580632287391e-05,0.000485196491367217
"SPGP_0F03060",6.60917654647883,-3.06471784684457,1.18830963971779,-2.57905662329929,0.00990705459714732,0.0366698618074967
"SPGP_0F03070",54.5112429308093,-1.70387083210627,0.331946497421997,-5.13296825042313,2.85208033581705e-07,4.01908241412726e-06
"SPGP_0F03280",102.358438033979,-1.02175457320724,0.170456639843616,-5.99421984467509,2.04464616360802e-09,4.03628298223361e-08
"SPGP_0F03330",95.84457688298,-1.60385039628816,0.26179508962777,-6.1263578265298,8.99134747228587e-10,1.89026912868636e-08
"SPGP_0F03390",144.91039249886,-1.15816707262141,0.249054677940888,-4.65025223455669,3.31529311356351e-06,3.65004506707157e-05
"SPGP_0F03530",30.8668570699728,-1.27636918011497,0.359788726111175,-3.54755190333721,0.000388829130254324,0.0024398758651208
"SPGP_0F04100",3.8324664205709,2.46758594783968,0.855603467372739,2.88402985955256,0.00392621523406386,0.0171282793624712
"SPGP_0F04380",46.3708743774241,1.38066420132994,0.279285710398312,4.94355475387862,7.67107920904732e-07,9.81706679266482e-06
"SPGP_0F04500",369.545953721414,1.31216984292817,0.402679431684085,3.25859663961582,0.00111964734985315,0.00608951058644623
"SPGP_0F04570",882.134368845496,-1.26928700167222,0.149510665852377,-8.4896083796823,2.07334581085003e-17,9.73296731478718e-16
"SPGP_0F04810",2768.2877461915,2.51330258212248,0.218021579654667,11.5277698019774,9.55878724287042e-31,1.05624599033718e-28
"SPGP_0F04830",763.122085084479,2.14155098248114,0.23055840021051,9.28854025932609,1.56418752555155e-20,9.02745424778508e-19
"SPGP_0F04950",27.7684062688657,-1.66065969727427,0.382916594610302,-4.33687053694902,1.44525691774053e-05,0.000138686598995331
"SPGP_0F05000",678.402851478697,-1.03100108469389,0.213391018807065,-4.83151114071047,1.35500634859515e-06,1.64801510397592e-05
"SPGP_0G00110",94.3352713701021,1.02851983791787,0.292459742903013,3.51679115801916,0.000436797308519952,0.00270898043292217
"SPGP_0G00470",14.082575544887,2.17356932284312,0.663917273916985,3.27385565677404,0.0010609078910535,0.00581541827031805
"SPGP_0G00650",48.8326278714279,-1.17242660802601,0.275052080301529,-4.26256222727248,2.02096195277281e-05,0.000186286228423952
"SPGP_0G00680",16.1905342958184,-2.55634029661155,0.757020492847549,-3.37684424763169,0.00073322556383105,0.00424792636436902
"SPGP_0G00810",12.7279441603473,-1.5628579622838,0.627542011487856,-2.49044356182367,0.0127583757142181,0.0449644661013341
"SPGP_0G00980",82.5376621264081,-1.00625429165923,0.267048232614137,-3.76806197820146,0.00016451986034443,0.00115380375741554
"SPGP_0G01180",31.1804799193272,1.13975441095071,0.446279723093116,2.55390140302858,0.0106523416105424,0.0388663251281677
"SPGP_0G01940",11889.0261227173,1.09055691375986,0.21177079008876,5.14970413673564,2.60897679143362e-07,3.69374042299688e-06
"SPGP_0G01950",9976.67573213667,1.79038760900229,0.244801686552242,7.31362448608055,2.60031179414424e-13,9.02736596426858e-12
"SPGP_0G01970",74.3136751405738,1.08545560573115,0.236706544273728,4.58565946734423,4.52555702386708e-06,4.84705345073991e-05
"SPGP_0G01980",430.790822835218,1.32639436923991,0.149172286302171,8.89169430944496,6.01840758171675e-19,3.2267923726589e-17
"SPGP_0G02000",10.3003620220018,-2.07239219655991,0.749106777120138,-2.76648437827115,0.00566642996767112,0.0231037104581731
"SPGP_0G02160",497.898435753085,1.99110390188069,0.217083653805237,9.17205817655469,4.64072442988773e-20,2.61177664964054e-18
"SPGP_0G02400",246.644325501776,-1.01531711267796,0.196960709771281,-5.1549220850036,2.53736409694128e-07,3.59853094334697e-06
"SPGP_0G02460",41.2752343145019,1.11869770347884,0.452995158325897,2.46955774894623,0.0135280181424256,0.0471089056066557
"SPGP_0G02540",57.5752445452991,-1.0729177536315,0.425630803280624,-2.52077092485271,0.0117098055937808,0.0420041759640727
"SPGP_0G02650",306.798100217227,1.17647082558844,0.128476057770161,9.15712114776365,5.33002218646681e-20,2.98119327355406e-18
"SPGP_0G02690",211.739928992783,1.93890212292914,0.152033230192429,12.7531469302801,2.99410103937145e-37,4.84456241388299e-35
"SPGP_0G02700",863.994290318949,2.42651278577121,0.163712600326303,14.8217839123856,1.05933330689212e-49,3.19953969791651e-47
"SPGP_0G02840",1285.66121538319,-3.10736505247487,0.245231294053289,-12.6711603609596,8.54410802212913e-37,1.31217225065275e-34
"SPGP_0G03220",295.046556137253,1.11796867383815,0.290061141566123,3.85425178912941,0.000116084083210961,0.000859663573215717
"SPGP_0G03260",239.540846650882,1.20687311194728,0.148861798425252,8.10733932220552,5.17402205390736e-16,2.17045434400253e-14
"SPGP_0G03270",342.837438399891,2.23127625213485,0.18604648851054,11.993111345439,3.86124194498353e-33,4.99810189478511e-31
"SPGP_0G03280",1646.03791779591,2.42863019069879,0.147767248941812,16.4355106296602,1.06523645476486e-60,4.82605375831219e-58
"SPGP_0H00190",1411.61128336687,3.04868383510715,0.3143301642595,9.69898591275594,3.04510038692508e-22,2.01525508325581e-20
"SPGP_0H00720",9.79050493676052,1.76927886847704,0.687062313825488,2.57513595619281,0.0100200691634586,0.0369974925387524
"SPGP_0H00740",1698.25155598431,2.17582676498034,0.146536913904551,14.8483184680524,7.13356146020922e-50,2.22886897899847e-47
"SPGP_0H00870",71.3466943082253,-1.02913462181144,0.2868864217872,-3.5872545497284,0.000334178055676457,0.00213992039751546
"SPGP_0H00880",24.1504093744836,-1.33795319221693,0.429960592496898,-3.11180423407427,0.00185947763433163,0.00923724059467045
"SPGP_0I00130",241.238826506763,-1.83881016038542,0.266889815895836,-6.88977267346569,5.58816146524626e-12,1.64932674386307e-10
"SPGP_0I00160",197.796475091634,1.02348705961517,0.143156964757537,7.1494045808294,8.71551058564619e-13,2.84069213728561e-11
"SPGP_0I00230",709.567258174816,-1.15249279704469,0.405055123962048,-2.84527396116256,0.00443732405393129,0.0189385743064868
"SPGP_0I00320",635.001278725281,-1.74324976656005,0.168706262887854,-10.3330471360086,4.99481922211548e-25,4.26962801618758e-23
"SPGP_0I00350",828.08576064836,-1.49555465008935,0.107934171519539,-13.8561738977967,1.16732736633205e-43,2.57979347959382e-41
"SPGP_0I00560",231.805804087645,1.0018106388798,0.171310946738573,5.84790790053017,4.97794023055214e-09,9.31923893161837e-08
"SPGP_0I00650",7.65652856621553,-1.76919962451561,0.677812014391661,-2.61016268073011,0.00904991744336893,0.034110358550069
"SPGP_0I00810",655.323741977899,1.65773931621218,0.12463147957584,13.301128429623,2.28001084098327e-40,4.49112570220639e-38
"SPGP_0I00920",4569.72984052012,1.2705703069475,0.185775686589188,6.83927122151974,7.95970625120378e-12,2.31906425537484e-10
"SPGP_0I01080",272.727873857112,-1.24694917141572,0.291019536943068,-4.28476103190164,1.82935711015503e-05,0.000170532970937395
"SPGP_0I01390",71.6981947954551,-1.50677272535464,0.377467096101839,-3.99179886383559,6.55739801668508e-05,0.000521198100255996
"SPGP_0I01410",87.2211037671036,1.79491964532224,0.275832780468862,6.50727459684531,7.65264517125355e-11,1.89974295607475e-09
"SPGP_0I01470",49.78751919555,2.70655905662663,0.279243639569344,9.69246447582742,3.24599826672762e-22,2.1313036445521e-20
"SPGP_0I01500",458.796382004625,-1.09854351056156,0.198445102577447,-5.53575521035006,3.09890130190936e-08,5.26813221324591e-07
"SPGP_0I01550",2168.70140497183,2.52691162325763,0.154195654562527,16.3876967248318,2.34150019732562e-60,1.01030158514131e-57
"SPGP_0I01580",681.015321905266,1.06980623040702,0.217343517940785,4.92219064337813,8.55807824702789e-07,1.08454191603244e-05
"SPGP_0I01790",2829.2775786407,3.75990906544989,0.31507290685186,11.9334572528565,7.92139101377761e-33,9.83229095559438e-31
"SPGP_0I02100",92.4823668996753,1.96425805322234,0.290313793634437,6.76598252060915,1.32407530797479e-11,3.78468339607557e-10
"SPGP_0I02160",730.183475728785,1.01839787250986,0.133292529007934,7.64032223028226,2.16678772418307e-14,8.24927040706842e-13
"SPGP_0I02250",22.2903565875504,-1.14427104198312,0.41463655595393,-2.7596964752675,0.0057855086378067,0.0234973078292992
"SPGP_0I02260",178.434218584497,-1.82471233025557,0.246479342849769,-7.40310449207805,1.33036981543132e-13,4.7458586211115e-12
"SPGP_0I02440",55.4960946550652,-1.28573565355104,0.317863962089519,-4.04492426602594,5.23400413315439e-05,0.000430356728226061
"SPGP_0I02670",51.9265936675225,-1.59149346080455,0.368671283713094,-4.31683597587458,1.58281685864401e-05,0.000150177000588203
